uniprot_id,kinase_name,n_structures_total,n_structures_state,consensus_85aa_DFGin_aCin
O00141,SGK1,4,0,
O00238,BMPR1B,4,4,KQIGKGRYGEVWMVAVKVFSWFRETEIYQTVLENILGFIAAYLITDYHENGSLYDYLKSTQGKPAIAHRDLKSKNILVIADLGLA
O00311,CDC7,12,10,DKIGEGTFSSVYLIALKHLRIAAELQCLTVAGDNVMGVKYCVIAMPYLE_HESFLD__IRIHQFGIVHRDVKPSNFLYLVDFGLA
O00329,p110d,17,17,CTFMDSKMKPLWIIIFKNGDLRQDMLTLQMIQLRMTPYGCLTGLIEVVLSDTIANIQLNATYV__LGIGDRHSDNIMIHIDFGHF
O00444,PLK4,6,4,NLLGKGSFAGVYRVAIKMIRVQNEVKIHCQLKPSILELYNYYLVLEMCHNGEMNRYLKNYLHSHGILHRDLTLSNLLLIADFGLA
O00506,YSK1,1,0,
O14733,MAP2K7,57,25,GEMGSGTCGQVWKIAVKQMRILMDLDVVLKSHPYIVQCFGTFIAMELMGTCAEKLKKRMLKEKHGVIHRDVKPSNILLLCDFGIS
O14757,CHK1,237,236,QTLGEGAYGEVQLVAVKIVNIKKEICINKMLNENVVKFYGHYLFLEYCSGGELFDRIEPYLHGIGITHRDIKPENLLLISDFGLA
O14920,IKKb,7,6,RLGTGGFGNVIRWIAIKQCRWCLEIQIMRRLTPNVVAARDVLLAMEYCQGGDLRKYLNFYLHENRIIHRDLKPENIVLIIDLGYA
O14936,CASK,25,22,EVIGKGPFSVVRRFAVKIVDLKREASICHMLKPHIVELLETYMVFEFMDGADLCFEIVKYCHDNNIIHRDVKPHCVLLLGGFGVA
O14965,AurA,199,108,RPLGKGKFGNVYLLALKVLQLRREVEIQSHLRPNILRLYGYYLILEYAPLGTVYRELQKYCHSKRVIHRDIKPENLLLIADFGWS
O14976,GAK,20,15,RVLAEGGFAFVYEYALKRLAIIQEVCFMKKLSPNIVQFCSALLLTELCK_GQLVEFLKKHRQKPPIIHRDLKVENLLLLCDFGSA
O15075,DCLK1,18,18,RTIGDGNFAVVKEYALKIIMIQNEVSILRRVKPNIVLLIEEYLVMELVKGGDLFDAITSYLHSLNIVHRDIKPENLLVLGDFGLA
O15111,IKKa,18,12,ERLGTGGFGNVCLIAIKSCRWCHEIQIMKKLNANVVKACDVLLAMEYCSGGDLRKLLNKYLHENKIIHRDLKPENIVLIIDLGYA
O15264,p38d,9,7,THVGSGAYGSVCSVAIKKLRAYRELLLLKHMQENVIGLLDVYLVMPFMQ_TDLQKIMGMYIHSAGVVHRDLKPGNLAVILDFGLA
O15530,PDK1,13,12,KILGEGSFSTVVLYAIKILYVTRERDVMSRLDPFFVKLYFTYFGLSYAKNGELLKYIRKYLHGKGIIHRDLKPENILLITDFGTA
O43293,DAPK3,20,20,EELGSGQFAIVRKYAAKFIEIEREVNILREIRPNIITLHDIVLILELVSGGELFDFLAEYLHSKRIAHFDLKPENIMLLIDFGIA
O43318,TAK1,30,14,EVVGRGAFGVVCKVAIKQIAFIVELRQLSRVNPNIVKLYGACLVMEYAEGGSLYNVLHGSMQPKALIHRDLKPPNLLLICDFGTA
O43353,RIPK2,83,69,RYLSRGASGTVSSVAVKHLDVLREAEILHKARSYILPILGIGIVTEYMPNGSLNELLHRHNMTPPLLHHDLKTQNILLIADFGLS
O43683,BUB1,1,1,HLLGEGAFAQVYEFVLKVQIGTQLMERLKPSMHMFMKFYSAVLVGELYSYGTLLNAINLQVHDCEIIHGDIKPDNFILLIDLGQS
O60566,BUBR1,1,0,
O60674,JAK2,20,14,QQLGKGNFGSVEMVAVKKLDFEREIEILKSLQDNIVKYKGVKLIMEYLPYGSLRDYLQKYLGTKRYIHRNLATRNILVIGDFGLT
O75116,ROCK2,54,53,KVIGRGAFGEVQLYAMKLLFFWEERDIMAFANPWVVQLFYAYMVMEYMPGGDLVNLMSNAIHSMGLIHRDVKPDNMLLLADFGTC
O75460,IRE1,43,33,DVLGHGAEGTIVYVAVKRIFADREVQLLRESDPNVIRYFCTYIAIELCAA_TLQEYVEQHLHSLNIVHRDLKPHNILIISDFGLC
O75582,MSK1,2,0,
O75716,MPSK1,2,2,QKLGEGGFSYVDLYALKRIEAQREADMHRLFNPNILRLVAYWLLLPFFKRGTLWNEIERAIHAKGYAHRDLKPTNILLLMDLGSM
O75914,PAK3,2,2,EKIGQGASGTVYTVAIKQMLIINEILVMRENKPNIVNYLDSWVVMEYLAGGSLTDVVTEFLHSNQVIHRDIKSDNILLLTDFGFC
O76039,CDKL5,3,3,GVVGEGAYGVVLKVAIKKFTTLRELKMLRTLKENIVELKEAYLVFEYVE_KNMLELLEEWCHKNDIVHRDIKPENLLILCDFGFA
O94768,DRAK2,20,20,KELGRGKFAVVRQYAAKFLEILHEIAVLELAKPRVINLHEVILILEYAAGGEIFSLCLPYLHQNNIVHLDLKPQNILLIVDFGMS
O94804,LOK,39,15,GELGDGAFGKVYKAAAKVIDYIVEIEILATCDPYIVKLLGAWIMIEFCPGGAVDAIMLEFLHSKRIIHRDLKAGNVLMLADFGVS
O95747,OSR1,12,0,
O95819,HGK,60,6,EVVGNGTYGQVYKAAIKVMEIKLEINMLKKYSRNIATYYGAWLVMEFCGAGSITDLVKNHLHIHHVIHRDIKGQNVLLLVDFGVS
O96013,PAK4,4,4,IKIGEGSTGIVCIVAVKKMLLFNEVVIMRDYQENVVEMYNSWVVMEFLEGGALTDIVTHVLHAQGVIHRNIKSDSILLLSDFGFC
O96017,CHK2,55,45,KTLGSGACGEVKLVAIKIINVETEIEILKKLNPCIIKIKNFYIVLELMEGGELFDKVVGYLHENGIIHRDLKPENVLLITDFGHS
P00519,ABL1,147,29,HKLGGGQYGEVYEVAVKTLEFLKEAAVMKEIKPNLVQLLGVYIITEFMTYGNLLDYLREYLEKKNFIHRDLAARNCLVVADFGLS
P00533,EGFR,565,221,KVLGSGAFGTVYKVAIKELEILDEAYVMASVDPHVCRLLGIQLITQLMPFGCLLDYVREYLEDRRLVHRDLAARNVLVITDFGLA
P04049,RAF1,5,2,TRIGSGSFGTVYKVAVKILAFRNEVAVLRKTRVNILLFMGYAIVTQWCEGSSLYKHLHVYLHAKNIIHRDMKSNNIFLIGDFGLA
P04626,ErbB2,14,8,KVLGSGAFGTVYKVAIKVLEILDEAYVMAGVGPYVSRLLGIQLVTQLMPYGCLLDHVREYLEDVRLVHRDLAARNVLVITDFGLA
P04629,TRKA,81,23,WELGEGAFGKVFLVAVKALDFQREAELLTMLQQHIVRFFGVLMVFEYMRHGDLNRFLRSYLAGLHFVHRDLATRNCLVIGDFGMS
P06213,INSR,33,9,RELGQGSFGMVYEVAVKTVEFLNEASVMKGFT_HVVRLLGVLVVMELMAHGDLKSYLRSYLNAKKFVHRNLAARNCMVIGDFGMT
P06239,LCK,14,7,ERLGAGQFGEVWMVAVKSLAFLAEANLMKQLQQRLVRLYAVYIITEYMENGSLVDFLKTFIEERNYIHRNLRAANILVIADFGLA
P06493,CDC2,27,14,EKIGEGTYGVVYKVAMKKITAIREISLLKELRPNIVSLQDVYLIFEFLS_MDLKKYLDSFCHSRRVLHRDLKPQNLLILADFGLA
P07332,FES,8,8,EQIGRGNFGEVFSVAVKSCKFLQEARILKQYSPNIVRLIGVYIVMELVQGGDFLTFLRTYLESKCCIHRDLAARNCLVISDFGMS
P07333,FMS,29,2,KTLGAGAFGKVVEVAVKMLALMSELKIMSHLGENIVNLLGALVITEYCCYGDLLNFLRRFLASKNCIHRDVAARNVLLIGDFGLA
P07948,LYN,2,2,KRLGAGQFGEVWMVAVKTLAFLEEANLMKTLQDKLVRLYAVYIITEYMAKGSLLDFLKSYIERKNYIHRDLRAANVLVIADFGLA
P07949,RET,24,24,KTLGEGEFGKVVKVAVKMLDLLSEFNVLKQVNPHVIKLYGALLIVEYAKYGSLRGFLREYLAEMKLVHRDLAARNILVISDFGLS
P08069,IGF1R,58,34,RELGQGSFGMVYEVAIKTVEFLNEASVMKEFN_HVVRLLGVLVIMELMTRGDLKSYLRSYLNANKFVHRDLAARNCMVIGDFGMT
P08581,MET,162,4,EVIGRGHFGCVYHCAVKSLQFLTEGIIMKDFSPNVLSLLGILVVLPYMKHGDLRNFIRNYLASKKFVHRDLAARNCMLVADFG__
P08631,HCK,3,1,KKLGAGQFGEVWMVAVKTMAFLAEANVMKTLQDKLVKLHAVYIITEFMAKGSLLDFLKSFIEQRNYIHRDLRAANILVIADFGLA
P08922,ROS,4,4,LLLGSGAFGEVYEVAVKTLEFLKEAHLMSKFNPNILKQLGVYIILELMEGGDLLTYLRKYLERMHFIHRDLAARNCLVIGDFGLA
P0C1S8,Wee1B,1,1,EKIGVGEFGTVYKYAIKRSSALHEVYAHAVLGPHVVRYYSSIIQNEYCNGGSLQAAISEYIHNSSMVHLDIKPSNIFIIGDLGHA
P10721,KIT,65,16,KTLGAGAFGKVVEVAVKMLALMSELKVLSYLGENIVNLLGALVITEYCCYGDLLNFLRRFLASKNCIHRDLAARNILLICDFGLA
P11309,PIM1,188,188,PLLGSGGFGSVYSVAIKHVRVPMEVVLLKKVSSGVIRLLDWVLILERPEVQDLFDFITEHCHNCGVLHRDIKDENILILIDFGSG
P11362,FGFR1,216,210,KPLGEGAFGQVVLVAVKMLDLISEMEMMKMIGKNIINLLGAYVIVEYASKGNLREYLQAYLASKKCIHRDLAARNVLVIADFGLA
P11802,CDK4,16,0,
P12931,SRC,47,36,VKLGQGCFGEVWMVAIKTLAFLQEAQVMKKLREKLVQLYAVYIVTEYMSKGSLLDFLKGYVERMNYVHRDLRAANILVVADFGLA
P14616,IRR,2,0,
P15056,BRAF,220,44,QRIGSGSFGTVYKVAVKMLAFKNEVGVLRKTRVNILLFMGYAIVTQWCEGSSLYHHLHIYLHAKSIIHRDLKSNNIFLIGDFGLA
P15735,PHKg2,8,8,DVIGRGVSSVVRRFAVKIMATRRETHILRQVAPHIITLIDSFLVFDLMRKGELFDYLTEFLHANNIVHRDLKPENILLLSDFGFS
P16234,PDGFRa,15,3,RVLGSGAFGKVVEVAVKMLALMSELKIMTHLGLNIVNLLGAYIIIEYCFYGDLVNYLHKFLASKNCVHRDLAARNVLLICDFGLA
P17612,PKACa,4,0,
P17948,FLT1,2,0,
P19525,PKR,7,7,ELIGSGGFGQVFKYVIKRVKAEREVKALAKLDVNIVHYNGCFIQMEFCDKGTLEQWIEKYIHSKKLIHRDLKPSNIFLIGDFGLV
P19784,CK2a2,74,74,RKLGRGKYSEVFEVVVKILKIKREVKILENLRTNIIKLIDTALVFEYIN_NTDFKQLYQYCHSKGIMHRDVKPHNVMILIDWGLA
P21802,FGFR2,99,93,KPLGEGAFGQVVMVAVKMLDLVSEMEMMKMIGKNIINLLGAYVIVEYASKGNLREYLRAYLASQKCIHRDLAARNVLVIADFGLA
P21860,ErbB3,16,0,
P22455,FGFR4,58,51,KPLGEGCFGQVVRVAVKMLDLVSEMEVMKLIGKNIINLLGVYVIVECAAKGNLREFLRAYLESRKCIHRDLAARNVLVIADFGLA
P22607,FGFR3,10,10,KPLGEGAFGQVVMVAVKMLDLVSEMEMMKMIGKNIINLLGAYVLVEYAAKGNLREFLRAYLASQKCIHRDLAARNVLVIADFGLA
P23443,p70S6K,12,9,RVLGKGGYGKVFQFAMKVLHTKAERNILEEVKPFIVDLIYAYLILEYLSGGELFMQLERHLHQKGIIYRDLKPENIMLLTDFGLC
P24941,CDK2,653,106,EKIGEGTYGVVYKVALKKITAIREISLLKELNPNIVKLLDVYLVFEFLH_QDLKKFMDAFCHSHRVLHRDLKPQNLLILADFGLA
P25092,HSER,1,0,
P25098,BARK1,31,31,RIIGRGGFGEVYGYAMKCLLALNERIMLSLVSPFIVCMSYASFILDLMNGGDLHYHLSQHMHNRFVVYRDLKPANILLISDLGLA
P27037,ACTR2,12,12,EVKARGRFGCVWKVAVKIFSWQNEYEVYSLPGENILQFIGAWLITAFHEKGSLSDFLKADGHKPAISHRDIKSKNVLLIADFGLA
P27361,Erk1,8,8,QYIGEGAYGMVSSVAIKKIRTLREIQILLRFRENVIGIRDIYIVQDLME_TDLYKLLKSYIHSANVLHRDLKPSNLLIICDFGLA
P27448,MARK3,9,1,KTIGKGNFAKVKLVAIKIIKLFREVRIMKILNPNIVKLFEVYLIMEYASGGEVFDYLVAYCHQKRIVHRDLKAENLLLIADFGFS
P28482,Erk2,261,245,SYIGEGAYGMVCSVAIKKIRTLREIKILLRFRENIIGINDIYIVQDLME_TDLYKLLKTYIHSANVLHRDLKPSNLLLICDFGLA
P29317,EphA2,154,92,KVIGAGEFGEVYKVAIKTLDFLGEAGIMGQFSHNIIRLEGVMIITEYMENGALDKFLREYLANMNYVHRDLAARNILVVSDFGLS
P29320,EphA3,49,38,KVVGAGEFGEVCSVAIKTLDFLGEASIMGQFDPNIIRLEGVMIVTEYMENGSLDSFLRKYLSDMGYVHRDLAARNILIVSDFGLS
P29322,EphA8,2,2,KIIGSGDSGEVCYVAIKALDFLSEASIMGQFDPNIIRLEGVMIVTEYMENGSLDTFLRTYLSDLGYVHRDLAARNVLVVSDFGLS
P29323,EphB2,1,1,QVI____FGEVCSVAIKTLDFLSEASIMGQFDPNVIHLEGVMIITEFMENGSLDSFLRQYLADMNYVHRDLAARNILVVSDF___
P29597,TYK2,20,18,RDLGEGHFGKVSLVAVKALGWKQEIDILRTLYEHIIKYKGCQLVMEYVPLGSLRDYLPRYLHAQHYIHRNLAARNVLLIGDFGLA
P30291,Wee1,28,28,EKIGSGEFGSVFKYAIKRSNALREVYAHAVLGSHVVRYFSALIQNEYCNGGSLADAISEYIHSMSLVHMDIKPSNIFIIGDLGHV
P30530,AXL,4,2,KTLGEGEFGAVMEVAVKTMDFLSEAVCMKEFDPNVMRLIGVVVILPFMKHGDLHSFLLYYLSTKRFIHRDLAARNCMLVADFGLS
P31749,AKT1,24,0,
P31751,AKT2,8,0,
P32298,GPRK4,2,2,RVLGKGGFGEVCAYACKKLMALNEKRILEKVQRFVVSLAYACLVLTIMNGGDLKFHIYNDLQRERIVYRDLKPENILLISDLGLA
P33981,TTK,51,51,KQIGSGGSSKVFQYAIKYVSYRNEIAYLNKLQDKIIRLYDYYMVMECGN_IDLNSWLKKTIHQHGIVHSDLKPANFLILIDFGIA
P34925,RYK,1,1,DVLQEGTFGRIFHAFVKTVMMLTESCKLRGLHRNLLPITHVMVILPYMNWGNLKLFLRQYLARREVIHKDLAARNCVIITDNALS
P34947,GPRK5,6,6,RVLGKGGFGEVCAYACKRLMALNEKQILEKVNQFVVNLAYACLVLTIMNGGDLKFHIYNDLHHENTVYRDLKPENILLISDLGLA
P35968,KDR,59,6,KPLGRG__GQVIEVAVKMLALMSELKILIHIGLNVVNLLGAMVIVEFCKFGNLSTYLRSFLASRKCIHRDLAARNILLICDFGLA
P36507,MAP2K2,2,0,
P36888,FLT3,9,0,
P36897,TGFbR1,75,75,ESIGKGRFGEVWRVAVKIFSWFREAEIYQTVMENILGFIAAWLVSDYHEHGSLFDYLNRTQGKPAIAHRDLKSKNILVIADLGLA
P37023,ALK1,24,24,ECVGKGRYGEVWRVAVKIFSWFRETEIYNTVLDNILGFIASWLITHYHEHGSLYDFLQRTQGKPAIAHRDFKSRNVLVIADLGLA
P37173,TGFbR2,12,12,TLVGKGRFAEVYKVAVKIFSWKTEKDIFSDINENILQFLTAWLITAFHAKGNLQEYLTRGRPKMPIVHRDLKSSNILVLCDFGLS
P41240,CSK,4,3,QTIGKGEFGDVMLVAVKCIAFLAEASVMTQLRSNLVQLLGVYIVTEYMAKGSLVDYLRSYLEGNNFVHRDLAARNVLVVSDFGLT
P41279,COT,10,10,DFIPRGAFGKVYLMACKLIFKPSDVEIQACFRENIAELYGAHLFMEAGEGGSVLEKLESFLHSKKVIHHDIKPSNIVFLVDFGLS
P42336,p110a,119,114,CRIMSSAKRPLWLIIFKNGDLRQDMLTLQIIRLRMLPYGCLVGLIEVVRSHTIMQIQCKATFI__LGIGDRHNSNIMVHIDFGHF
P42345,FRAP,43,43,LQVITSKQRPRKLFLLKGHDLRQDERVMQLFGLSIQRYAVISGLIGWVPCDTLHALIRDVGYI__LGLGDRHPSNLMLHIDFGDC
P42356,PI4KA,2,0,
P42684,ABL2,10,6,HKLGGGQYGEVYVVAVKTLEFLKEAAVMKEIKPNLVQLLGVYIVTEYMPYGNLLDYLREYLEKKNFIHRDLAARNCLVVADFGLS
P43250,GPRK6,6,6,RVLGKGGFGEVCAYACKKLMALNEKQILEKVNRFVVSLAYACLVLTLMNGGDLKFHIYHDLHRERIVYRDLKPENILLISDLGLA
P43403,ZAP70,4,2,IELGCGNFGSVRQVAIKVLEMMREAQIMHQLDPYIVRLIGVMLVMEMAGGGPLHKFLVGYLEEKNFVHRDLAARNVLLISDFGLS
P43405,SYK,111,105,KELGSGNFGTVKKVAVKILELLAEANVMQQLDPYIVRMIGIMLVMEMAELGPLNKYLQQYLEESNFVHRDLAARNVLLISDFGLS
P45983,JNK1,70,69,KPIGSGAQGIVCAVAIKKLRAYRELVLMKCVNKNIIGLLNVYIVMELMD_ANLCQVIQMHLHSAGIIHRDLKPSNIVVILDFGLA
P45984,JNK2,11,5,KPIGSGAQGIVCAVAVKKLRAYRELVLLKCVNKNIISLLNVYLVMELMD_ANLCQVIHMHLHSAGIIHRDLKPSNIVVILDFGLA
P45985,MAP2K4,6,0,
P48729,CK1a,5,5,RKIGSGSFGDIYLVAVKLEQLLYESKLYKILQVGIPHIRWYVLVMDLLG_PSLEDLFNFYVHTKNFIHRDIKPDNFLMLIDFGLA
P48730,CK1d,154,154,RKIGSGSFGDIYLVAIKLEQLHIESKIYKMMQVGIPTIRWCVMVMELLG_PSLEDLFNFYIHSKNFIHRDVKPDNFLMIIDFGLA
P48736,p110g,114,114,CKVMASKKKPLWLIIFKHGDLRQDMLILQILRLCLLPYGCIIGMIEIVKATTIAKIQQSATFV__LGIGDRHNDNIMIHIDFGHI
P49137,MAPKAPK2,108,108,QVLGLGINGKVLQFALKMLKARREVELHWRASPHIVRIVDVLIVMECLDGGELFSRIQDYLHSINIAHRDVKPENLLYLTDFGFA
P49336,CDK8,47,33,CKVGRGTYGHVYKYALKQISACREIALLRELKPNVISLQKVWLLFDYAE_HDLWHIIKFYLHANWVLHRDLKPANILVIADMGFA
P49674,CK1e,14,12,RKIGSGSFGDIYLVAIKLEQLHIESKFYKMMQVGIPSIKWCVMVMELLG_PSLEDLFNFYIHSKNFIHRDVKPDNFLMIIDFGLA
P49759,CLK1,96,96,DTLGEGAFGKVVEVAVKIVAARSEIQVLEHLNFRCVQMLEWCIVFELLG_LSTYDFIKEFLHSNKLTHTDLKPENILFVVDFGSA
P49760,CLK2,15,15,STLGEGTFGRVVQVALKIIAARLEINVLEKINNLCVQMFDWCISFELLG_LSTFDFLKDFLHDNKLTHTDLKPENILFVVDFGSA
P49761,CLK3,54,53,GNLGEGTFGKVVEVALKIIAARLEINVLKKIKFLCVLMSDWCIAFELLG_KNTFEFLKEFLHENQLTHTDLKPENILFVADFGSA
P49841,GSK3B,102,102,KVIGNGSFGVVYQVAIKKVFKNRELQIMRKLDCNIVRLRYFNLVLDYVP_ETVYRVARHYIHSFGICHRDIKPQNLLLLCDFGSA
P50613,CDK7,10,6,DFLGEGQFATVYKVAIKKITALREIKLLQELSPNIIGLLDASLVFDFME_TDLEVIIKDYLHQHWILHRDLKPNNLLLLADFGLA
P51617,IRAK1,4,4,LKIGEGGFGCVYRYAVKRLSFLTEVEQLSRFRPNIVDFAGYCLVYGFLPNGSLEDRLHCHQDSPSLIHGDIKSSNVLLLGDFGLA
P51812,RSK2,13,4,KVLGQGSFGKVFLYAMKVLRTKMERDILVEVNPFIVKLHYAYLILDFLRGGDLFTRLSKHLHSLGIIYRDLKPENILLLTDFGLS
P51813,BMX,7,0,
P51955,NEK2,52,0,
P52333,JAK3,62,61,SQLGKGNFGSVELVAVKQLDFQREIQILKALHDFIVKYRGVRLVMEYLPSGCLRDFLQRYLGSRRCVHRALAARNILVIADFGLA
P52564,MAP2K6,13,1,MELGRGAYGVVEKMAVKRIRLLMDLDISMRTVPFTVTFYGAWICMELMD_TSLDKFYKQLHSKLSVIHRDVKPSNVLIMCDFGIS
P53350,PLK1,28,28,RFLGKGGFAKCFEFAGKIVKMSMEISIHRSLAQHVVGFHGFFVVLELCRRRSLLELHKRYLHRNRVIHRDLKLGNLFLIGDFGLA
P53355,DAPK1,106,103,EELGSGQFAVVKKYAAKFIDIEREVSILKEIQPNVITLHEVILILELVAGGELFDFLAEYLHSLQIAHFDLKPENIMLIIDFGLA
P53667,LIMK1,15,11,EVLGKGCFGQAIKMVMKELTFLKEVKVMRCLEPNVLKFIGVNFITEYIKGGTLRGIIKSYLHSMNIIHRDLNSHNCLVVADFGLA
P53671,LIMK2,10,0,
P53778,p38g,5,5,RPVGSGAYGAVCSVAIKKLRAYRELRLLKHMRENVIGLLDVYLVMPFMG_TDLGKLMKHYIHAAGIIHRDLKPGNLAVILDFGLA
P53779,JNK3,102,101,KPIGSGAQGIVCAVAIKKLRAYRELVLMKCVNKNIISLLNVYLVMELMD_ANLCQVIQMHLHSAGIIHRDLKPSNIVVILDFGLA
P54646,AMPKa2,8,0,
P54753,EphB3,6,0,
P54756,EphA5,2,2,RVIGAGEFGEVCSVAIKTLDFLGEASIMGQFDPNIIHLEGVMIVTEYMENGSLDTFLKKYLSDMGYVHRDLAARNILIVSDFGLS
P54760,EphB4,39,33,EVIGAGEFGEVCRVAIKTLEFLSEASIMGQFEPNIIRLEGVMILTEFMENGALDSFLRLYLAEMSYVHRDLAARNILVVSDFGLS
P54762,EphB1,9,9,EVIGAGEFGEVYKVAIKTLDFLSEASIMGQFDPNIIRLEGVMIITEFMENGALDSFLRQYLAEMNYVHRDLAARNILVVSDFGLS
P68400,CK2a1,593,591,RKLGRGKYSEVFEVVVKILKIKREIKILENLRPNIITLADIALVFEHVN_NTDFKQ__LYCHSMGIMHRDVKPHNVMILIDWGLA
P78362,SRPK2,11,11,RKLGWGHFSTVWLVAMKVVTALDEIKLLKCVRDMVVQLIDDCMVFEVLG_HHLLKWIIKLHSKCKIIHTDIKPENILMIADLGNA
P78368,CK1g2,8,8,KKIG_____ELRLVAIKLEQLHLEYRFYKQLSEGVPQVYYFAMVLELLG_PSLEDLFDLYVHTKSLIYRDVKPENFLVIIDFGLA
P80192,MLK1,5,0,
Q00532,CDKL1,3,3,GKIGEGSYGVVFKVAIKKFIALREIRMLKQLKPNLVNLLEVHLVFEYCD_HTVLHELDRFCHKHNCIHRDVKPENILILCDFGFA
Q00534,CDK6,21,5,AEIGEGAYGKVFKVALKRVSTIREVAVLRHLEPNVVRLFDVTLVFEHVD_QDLTTYLDKFLHSHRVVHRDLKPQNILVLADFGLA
Q00535,CDK5,19,19,EKIGEGTYGTVFKVALKRVSALREICLLKELKKNIVRLHDVTLVFEFCD_QDLKKYFDSFCHSRNVLHRDLKPQNLLILADFGLA
Q00536,PCTAIRE1,4,0,
Q01973,ROR1,2,0,
Q01974,ROR2,8,0,
Q02750,MAP2K1,120,1,ELIGKGRFGQVYHVAIRLIEVMAYRQTRHE___NVVLFMGAAI_ITSLCGRTLYSVVRDLHAK_GILHKDLKSKNVFYITDFGLF
Q02763,TIE2,13,0,
Q04771,ALK2,202,202,ECVGKGRYGEVWRVAVKIFSWFRETELYNTVMENILGFIASWLITHYHEMGSLYDYLQLTQGKPAIAHRDLKSKNILVIADLGLA
Q04912,RON,4,0,
Q05397,FAK,82,64,RCIGEGQFGDVHQVAIKTCKFLQEALTMRQFDPHIVKLIGVWIIMELCTLGELRSFLQVYLESKRFVHRDIAARNVLVLGDFGLS
Q05823,RNAseL,3,3,YKIADTSEGGIYLVAVKTFRAQREVSCLQSSRSHLVTFYGSFVCVTLCEQ_TLEACLDVLHLSCGYTHQDLQPQNILILADFDKS
Q06187,BTK,264,15,KELGTGQFGVVKYVAIKMIEFIEEAKVMMNLSEKLVQLYGVFIITEYMANGCLLNYLREYLESKQFLHRDLAARNCLVVSDFGLS
Q07912,ACK,29,21,EKLGDGSFGVVRRVAVKCLDFIREVNAMHSLDRNLIRLYGVKMVTELAPLGSLLDRLRKYLESKRFIHRDLAARNLLLIGDFGLM
Q08345,DDR1,63,0,
Q08881,ITK,81,44,QEIGSGQFGLVHLVAIKTIDFIEEAEVMMKLSPKLVQLYGVCLVFEFMEHGCLSDYLRTYLEEACVIHRDLAARNCLVVSDFGMT
Q09013,DMPK1,2,2,KVIGRGAFSEVAVYAMKIMCFREERDVLVNGDRWITQLHFAYLVMEYYVGGDLLTLLSKSVHRLGYVHRDIKPDNILLLADFGSC
Q12852,DLK,19,2,QWVGSGAQGAVFLVAVKKVLKETDIKHLRKLKPNIITFKGVCILMEFCAQGQLYEVLRAYLHLHKIIHRDLKSPNMLIISDFGTS
Q12866,MER,79,2,RILGEGEFGSVMEVAVKTMEFLSEAACMKDFSPNVIRLLGVMVILPFMKYGDLHTYLLYYLSNRNFLHRDLAARNCMLVADF___
Q13131,AMPKa1,8,1,DTLGVGTFGKVKVVAVKILKIRREIQNLKLFRPHIIKLYQVFMVMEYVSGGELFDYICKYCHRHMVVHRDLKPENVLLIADFGLS
Q13153,PAK1,51,18,EKIGQGASGTVYTVAIKQMLIINEILVMRENKPNIVNYLDSWVVMEYLAGGSLTDVVTEFLHSNQVIHRNIKSDNILLLTDFGFC
Q13164,Erk5,21,21,ETIGNGAYGVVSSVAIKKIRTLRELKILKHFKDNIIAIKDIYVVLDLME_SDLHQIIHSYMHSAQVIHRDLKPSNLLVIGDFGMA
Q13188,MST2,17,14,EKLGEGSYGSVFKVAIKQVEIIKEISIMQQCDPYVVKYYGSWIVMEYCGAGSVSDIIRLYLHFMRKIHRNIKAGNILLLADFGVA
Q13308,CCK4,3,0,
Q13315,ATM,15,14,LAGGVNLPKIIDCQLVKGRDLRQDAVMQQVFQLTICTYKVVSGVLEWCTTVPIGEFLVNVGYI__LGLGDRHVQNILIHIDLGVA
Q13418,ILK,4,0,
Q13464,ROCK1,75,71,KVIGRGAFGEVQLYAMKLLFFWEERDIMAFANPWVVQLFYAYMVMEYMPGGDLVNLMSNAIHSMGFIHRDVKPDNMLLLADFGTC
Q13523,PRP4,5,0,
Q13535,ATR,2,2,LASLQKPKKISLKMMCKPKDLRKDCRLMEFNSLHIRTYAVICGIIEWVNTAGLRPILTKVGYI__LGLGDRHGENILFHVDFNCL
Q13546,RIPK1,54,0,
Q13554,CaMK2b,4,4,EDIGK___SVVRRYAAKIIKLEREARICRLLKSNIVRLHDSYLVFDLVTGGELFEDIVAHCHQMGVVHRDLKPENLLLLADFGLA
Q13557,CaMK2d,10,10,EELGKGAFSVVRRYAAKIIKLEREARICRLLKPNIVRLHDSYLVFDLVTGGELFEDIVAHCHLNGIVHRDLKPENLLLLADFGLA
Q13705,ACTR2B,1,1,EIKARGRFGCVWKVAVKIFSWQSEREIFSTPGENLLQFIAAWLITAFHDKGSLTDYLKGEGHKPSIAHRDFKSKNVLLLADFGLA
Q13873,BMPR2,6,6,ELIGRGRYGAVYKVAVKVFNFINEKNIYRVPLDNIARFIVGLLVMEYYPNGSL_KYLSLDHYKPAISHRDLNSRNVLVISDFGLS
Q13882,BRK,22,0,
Q14012,CaMK1a,6,1,DVLGTGAFSEVILVAIKCISMENEIAVLHKIKPNIVALDDIYLIMQLVSGGELFDRIVEYLHDLGIVHRDLKPENLLYISDFGLS
Q14289,PYK2,17,8,RILGEGFFGEVYEVAVKTCKFMSEAVIMKNLDPHIVKLIGIWIIMELYPYGELGHYLERYLESINCVHRDIAVRNILVLGDFGLS
Q14680,MELK,85,75,ETIGTGGFAKVKLVAIKIMRIKTEIEALKNLRQHICQLYHVFMVLEYCPGGELFDYIISYVHSQGYAHRDLKPENLLFLIDFGLC
Q15208,NDR1,2,0,
Q15303,ErbB4,11,3,KVLGSGAFGTVYKVAIKILEFMDEALIMASMDPHLVRLLGVQLVTQLMPHGCLLEYVHEYLEERRLVHRDLAARNVLVITDFGLA
Q15349,RSK1,1,0,
Q15375,EphA7,8,6,RVIGAGEFGEVCSVAIKTLDFLCEASIMGQFDPNVVHLEGVMIVIEFMENGALDAFLRKYLADMGYVHRDLAARNILVVSDFGLS
Q15418,RSK3,3,0,
Q15759,p38b,7,4,RPVGSGAYGSVCSVAVKKLRTYRELRLLKHLKENVIGLLDVYLVTTLMG_ADLNNIVKCYIHSAGIIHRDLKPSNVAVILDFGLA
Q15831,LKB1,3,2,DLLGEGSYGKVKERAVKILNVKKEIQLLRRLRKNVIQLVDVYMVMEYCVCGMQEMLDSVYLHSQGIVHKDIKPGNLLLISALGVA
Q16288,TRKC,4,0,
Q16539,p38a,348,175,SPVGSGAYGSVCAVAVKKLRTYRELRLLKHMKENVIGLLDVYLVTHLMG_ADLNNIVKCYIHSADIIHRDLKPSNLAVILDFGLA
Q16566,CaMK4,1,0,
Q16620,TRKB,4,0,
Q16644,MAPKAPK3,10,10,QVLGLGVNGKVLECALKLLKARQEVDHHWQASPHIVCILDVLIIMECMEGGELFSRIQEFLHSHNIAHRDVKPENLLYLTDFGFA
Q16659,Erk3,20,14,KPLGCGGNGLVFSVAIKKIHALREIKIIRRLDDNIVKVFEIYIVQEYME_TDLANVLEQYIHSANVLHRDLKPANLFIIGDFGLA
Q16816,PHKg1,2,1,EILGRGVSSVVRRYAVKVIATLKEVDILRKVSPNIIQLKDTFLVFDLMKRGELFDYLTETLHKLNIVHRDLKPENILLLTDFGFS
Q16832,DDR2,14,0,
Q2M2I8,AAK1,11,11,EVLAEGGFAIVFLCALKRMVCKREIQIMRDLSKNIVGYIDSLILMDFCRGGQVVNLMNQHQCKTPIIHRDLKVENILLLCDFGSA
Q38SD2,LRRK1,4,0,
Q59H18,HH498,31,28,EIIGSGSFGKVYKVAIKRYMFCREVSILCQLNPCVIQFVGAAIVTQYISGGSLFSLLHEHNLTQPIIHRDLNSHNILLVADFGES
Q5S007,LRRK2,41,0,
Q5TCX8,MLK4,1,0,
Q5TCY1,TTBK1,24,24,KKIGGGGFGEIYEVALKVEVLKMEVAVLKKLQDHVCRFIGCYVVMQLQG_RNLADLRRSAIHSVGFLHRDIKPSNFAMMLDFGLA
Q6IQ55,TTBK2,14,14,RKIGGGGFGEIYDVALKVEVLKMEVAVLKKLQDHVCRFIGCYVVMQLQG_RNLADLRRSSIHSVGFLHRDIKPSNFAMMLDFGLA
Q6PHR2,ULK3,2,1,ERLG____ATVYKVAIKCVNLLTEIEILKGIRPHIVQLKDFYLIMEFCAGGDLSRFIHTFLHERNISHLDLKPQNILLLADFGFA
Q6VAB6,KSR2,8,0,
Q7KZI7,MARK2,11,11,KTIGKGNFAKVKLVAVKIIKLFREVRIMKVLNPNIVKLFEVYLVMEYASGGEVFDYLVAYCHQKFIVHRDLKAENLLLIADFGFS
Q7RTN6,STLK5,4,1,TVIGKGFEDLMTVVTVRRIFLQGELHVSKLFNPNIVPYRATWVVTSFMAYGSAKDLICTYIHHMGYVHRSVKASHILILSGLRSN
Q86UE8,TLK2,1,1,HLLGRGGFSEVYKVAVKIHHACREYRIHKELDPRIVKLYDYCTVLEYCEGNDLDFYLKQNEIKPPIIHYDLKPGNILLITDFGLS
Q86Y07,VRK2,10,10,KKIGSGGFGLIYLHVVKVEPLFSELKFYQRVALGIPLFYGSFMVMERLG_IDLQKISGQYIHENEYVHGDIKAANLLLLADYGLS
Q86YV5,SgK223,1,0,
Q86YV6,SgK085,4,4,EILGGG__GQVHKLAAKIIEVKNEISVMNQLDANLIQLYDAVLVMEYVDGGELFDRIIDHMHQMYILHLDLKPENILCIIDFGLA
Q8IU85,CaMK1d,17,0,
Q8IV63,VRK3,4,0,
Q8IVT5,KSR1,9,0,
Q8IVW4,CDKL3,1,1,GKVGEGSYGTVMKVAIKIFIAMREIKFLKQFHENLVNLIEVHLVFEFID_HTVLDELQHYLHSNNIIHRDIKPENILVLCDFGFA
Q8IYT8,ULK2,26,26,DLVGHGAFAVVFRVAIKSILLGKEIKILKELQENIVALYDVFLVMEYCNGGDLADYLQAILHSKGIIHRDLKPQNILLIADFGFA
Q8N2I9,SgK495,8,0,
Q8N5S9,CaMKK1,10,0,
Q8NB16,MLKL,17,11,ILLRENEVSTLYKVAIKVFTFNKEIKTMKKFEPNILRIFGISIVMEYCELGTLRELLDRHHSEAPELHGKIRSSNFLVLAGFELR
Q8NEB9,PIK3C3,35,34,ATLFKSALMPAQLVIFKHGDLRQDQLILQIISLKLTPYKVLHGFMQFIQSVPVAEVLDTITYI__LGVGDRHLDNLLLHIDFGYI
Q8NI60,ADCK3,5,5,RPFAAASIGQVHLVAMKIQDYQREAACARKFRFYVPEIVDEVLTTELVSGFPLDQAEGLELFEFHFMQTDPNWSNFFYLLDFGAT
Q8TCG2,PI4K2B,5,0,
Q8TDX7,NEK7,27,6,KKIGRGQFSEVYRVALKKVDCIKEIDLHKQLNPNVIKFYASNIVLELADAGDLSRMIKHHMHSRRVMHRDIKPANVFILGDFGLG
Q8TF76,Haspin,66,65,EKIGEGVFGEVFQVAIKIIEILPEIIISKELSEGFIGLNSVVLEFEFGG_IDLEQMRTKAEASLRFEHRDLHWGNVLLIIDYTLS
Q8WU08,YANK1,12,12,RAIGKGSFGKVCIYAMKYMNVFKELQIMQGLEPFLVNLWYSFMVVDLLLGGDLRYHLQQYLQNQRIIHRDMKPDNILLITDFNIA
Q8WZ42,TTN,8,8,EDLGRGEFGIVHRYMAKFVLVKKEISILNIARRNILHLHESVMIFEFISGLDIFERINTFLHSHNIGHFDIRPENIIYIIEFGQA
Q92519,Trb2,1,1,LLLEPLEGDHVFRLVCKVFYQESLAPCFCLSASNINQITEIYVFFERSY_GDMHSFVRTHCHDGGLVLRDLKLRKFIFVKLESLE
Q92772,CDKL2,4,0,
Q92918,HPK1,67,23,QRLGGGTYGEVFKVALKMVTLQKEILILKTCRANIVAYHGSWICMEFCGAGSLQDIYQVYLHSQKKIHRDIKGANILILADFGIS
Q96C45,ULK4,3,3,EEIGRGSKTVVYKVAILCTEITNWVRLTREIKKNIVTFHEWWLVVELCTGGSLKTVIAQHLHKLGILFCDISPRKILLFSNFCLA
Q96GD4,AurB,1,0,
Q96GX5,MASTL,4,0,
Q96KB5,PBK,2,0,
Q96L34,MARK4,2,1,RTIGKGNFAKVKLVAIKIIKLFREVRIMKGLNPNIVKLFEVYLVMEYASAGEVFDYLVSYCHQKNIVHRDLKAENLLLIADFGFS
Q96NX5,CaMK1g,4,0,
Q96PY6,NEK1,8,0,
Q96Q04,LMR3,2,0,
Q96Q15,SMG1,10,10,LPTKTKPKKLLFLYLFKGLDLHLDERIMQFLSFHARHYSVTSGLIQWVDATPLFGLYKRVGYI__IGLGDRHLDNVLIHIDYNVC
Q96RG2,PASK,6,6,SPLGSGAFGFVWTVVVKFIKVTLEIAILSRVEANIIKVLDIQLVMEKHGSGLDLFAFIDYLRLKDIIHRDIKDENIVILIDFGSA
Q96RR4,CaMKK2,21,21,DEIGKGSYGVVKLYAMKVLQVYQEIAILKKLDPNVVKLVEVYMVFELVNQGPVMEVPTLYLHYQKIIHRDIKPSNLLVIADFGVS
Q96RU8,Trb1,7,4,LLLPLAEREHVSRLRCKVFYQDKIRPYIQLPSSNITGIVEVYVFFEKDF_GDMHSYVRSHCHQSAIVLGDLKLRKFVFLRLESLE
Q96S44,PRPK,7,7,ELVKQGAEARVFRAVIKHRRTVQEARALLRCRAGISAPVVFCLYMEEIE_GSVTVRDYIRMHDEDLIHGDLTTSNMLLLIDFGLS
Q96SB4,SRPK1,18,18,RKLGWGHFSTVWLVAMKVVTALDEIRLLKSVREMVVQLLDDCMVFEVLG_HHLLKWIIKLHTKCRIIHTDIKPENILLIADLGNA
Q99558,NIK,27,27,LRLGRGSFGEVHRCAVKKVFRAEELMACAGLTPRIVPLYGANIFMELLEGGSLGQLVKEYLHSRRILHGDVKADNVLLLCDFGHA
Q99570,PIK3R4,2,0,
Q99640,MYT1,20,20,SRLGHGSYGEVFKYAVKRSRKLAEVGSHEKVGPCCVRLEQAYLQTELC_GPSLQQHCEAHLHSQGLVHLDVKPANIFLLGDFGLL
Q99683,MAP3K5,74,66,VVLGKGTYGIVYAIAIKEIPLHEEIALHKHLKKNIVQYLGSKIFMEQVPGGSLSALLRSYLHDNQIVHRDIKGDNVLIISDFGTS
Q99986,VRK1,209,205,LPIGQGGFGCIYLCVVKVEPLFTELKFYQRAALGVPKYWGSFMIMDRFG_SDLQKIYEAYIHEHEYVHGDIKASNLLLLVDYGLA
Q9BRS2,RIOK1,9,6,GCISTGKEANVYHRAIKIYWAEKEMRNLIRLNIPCPEPIMLVLVMSFIGAPLLKNVQLSMYQDARLVHADLSEFNMLYIIDVSQS
Q9BTU6,PI4K2A,9,9,ERIYQGSSGSYFVAVFKPKGYLSEAGASLVDQNIVPRTKVVGSFQLFVEYKDADYWLRRLDYI__IRNTDRGNDNWLIAIDNGLA
Q9BUB5,MNK1,4,0,
Q9BVS4,RIOK2,25,25,NQMGVGKESDIYIFALKLHSAMKEFAYMKALYFPVPKPIDYAVVMELINGYPLCQIHHVLANHG_LIHGDFNEFNLILMIDFPQM
Q9BYP7,Wnk3,7,0,
Q9H2G2,SLK,10,4,GELGDGAFGKVYKAAAKVIDYMVEIDILASCDPNIVKLLDAWILIEFCAGGAVDAVMLEYLHDNKIIHRDLKAGNILFLADFGVS
Q9H2K8,TAO3,2,2,HEIGHGSFGAVYFVAIKKMDILKEVKFLRQLKPNTIEYKGCWLVMEYCLGSASDLLEVHYLHSHALIHRDIKAGNILLLADFGSA
Q9H4A3,Wnk1,11,0,
Q9H4B4,PLK3,1,1,RLLGKGGFARCYEYAVKVIKILNEIELHRDLQRHIVRFSHHYIFLELCSRKSLAHIWKAYLHQRGILHRDLKLGNFFIVGDFGLA
Q9H6X2,DNAPK,43,43,MASLRRPKRIIIRFLVKGGDLRQDQRVEQLFQLQLRTYSVVLGLIEWLEKDLLLNTMSQSHWI__LGIGDRHLNNFMVGIDFGHA
Q9H792,SgK269,2,0,
Q9HAZ1,CLK4,2,2,DTLGEGAFGKVVEVAVKIVAARSEIQVLEHLNFRCVQMLEWCIVFELLG_LSTYDFIKEFLHHNKLTHTDLKPENILFVVDFGSA
Q9HBH9,MNK2,14,6,DVLGEGAHARVQTYAVKIIRVFREVEMLYQCQRNVLELIEFYLVFEKMRGGSILSHIHKFLHNKGIAHRDLKPENILCICDF__G
Q9HCP0,CK1g1,2,2,KKIGCGNFGELRLVAIKLEQLHLEYRFYKQLGEGLPQVYYFAMVLELLG_PSLEDLFDLYVHSKNLIYRDVKPENFLIIIDFGLA
Q9NRH2,SNRK,2,0,
Q9NSY1,BIKE,8,8,ESLAEGGFSTVFLCALKRMVCKREITIMKELSKNIVGYLDCLILMEYCRAGQVVNQMNKHQCKTPIIHRDLKVENILLLCDFGSA
Q9NWZ3,IRAK4,27,17,NKMGEGGFGVVYKVAVKKLQFDQEIKVMAKCQENLVELLGFCLVYVYMPNGSLLDRLSCFLHENHHIHRNIKSANILLISDFGLA
Q9NYL2,ZAK,11,0,
Q9NYY3,PLK2,9,9,KTLGKGGFAKCYEYAAKIIKIDKEIELHRILHKHVVQFYHYYILLEYCSRRSMAHILKAYLHEQEILHRDLKLGNFFIVGDFGLA
Q9NZJ5,PEK,22,0,
Q9P0L2,MARK1,12,5,KTIGKGNFAKVKLVAVKIIKLFREVRIMKILNPNIVKLFEVYLVMEYASGGEVFDYLVAYCHQKYIVHRDLKAENLLLIADFGFS
Q9P1W9,PIM2,4,4,PLLGKGGFGTVFAVAIKVITCPLEVALLWKVGPGVIRLLDWMLVLERPLAQDLFDYITEHCHSRGVVHRDIKDENILILIDFGSG
Q9P289,MST4,9,2,ERIGK_SFGEVFKVAIKIIDIQQEITVLSQCDSYVTKYYGSWIIMEYLGGGSALDLLRAYLHSEKKIHRDIKAANVLLLADFGVA
Q9P2K8,GCN2,10,1,QLLGKGAFGAVIKYAVKRIRIKGEVTLLSRLHENIVRYYNA__________________YIHEKGMIHRNLKPVNIFLIGDFG__
Q9UBF8,PI4KB,36,36,VVLNSKDKAPYLIVIVKCGDLRQELLAFQVLKLWIKPYKILSGMIEPVVAVSIHQVKKQVCYL__LQVKDRHNGNILLHIDFGFI
Q9UEE5,DRAK1,2,2,RELGRGKFAVVRKFAAKFMEIIHEIAVLELAQPWVINLHEVILVLEYAAGGEIFDQCV_FLHTRDVVHLDLKPQNILLIVDFGLS
Q9UHD2,TBK1,27,5,DILGQGATANVFRFAIKVFVQMREFEVLKKLNKNIVKLFAIVLIMEFCPCGSLYTVLEEHLRENGIVHRNIKPGNIMRLTDFGAA
Q9UIK4,DAPK2,43,42,EELGSGQFAIVKKYAAKFIEIEREVSILRQVLHNVITLHDVVLILELVSGGELFDFLAQYLHTKKIAHFDLKPENIMLLIDFGLA
Q9UK32,RSK4,5,0,
Q9UKE5,TNIK,20,14,ELVGNGTYGQVYKAAIKVMEIKQEINMLKKYSRNIATYYGAWLVMEFCGAGSVTDLIKNHLHQHKVIHRDIKGQNVLLLVDFGVS
Q9UM73,ALK,95,91,RGLGHGAFGEVYEVAVKTLDFLMEALIISKFNQNIVRCIGVFILLELMAGGDLKSFLREYLEENHFIHRDIAARNCLLIGDFGMA
Q9UQM7,CaMK2a,36,31,EELGKGAFSVVRRYAAKIIKLEREARICRLLKPNIVRLHDSYLIFDLVTGGELFEDIVAHCHQMGVVHRNLKPENLLLLADFGLA
Q9Y2K2,QSK,1,1,RTIGKGNFAVVKRVAIKIIKIFREVQIMKMLCPHIIRLYQVYLVTEYASGGEIFDHLVAFCHCRNIVHRDLKAENLLLIADFGFS
Q9Y4A5,TRRAP,4,0,
Q9Y572,RIPK3,1,1,ELVGKGG_GTVFRVAVKIVAISREVKAMASLDEFVLRLEGVALVTKFMENGSLSGLLQSHDQNPVLLHRDLKPSNVLLLADFGLS
Q9Y5S2,MRCKb,10,10,KVIGRGAFGEVAVYAMKILCFREERDVLVNGDQWITALHYAYLVMDYYVGGDLLTLLSKSIHQLHYVHRDIKPDNVLLLADFGSC
Q9Y616,IRAK3,4,3,FLIGEGEIFEVYRYAVKLFRFLSELEVLLLFHPNILELAAYCLIYPYMRNGTLFDRLQCNVQPCSVICGSISSANILLLTDFAMA
Q9Y6E0,MST3,25,21,EKIGKGSFGEVFKVAIKIIDIQQEITVLSQCDPYVTKYYGSWIIMEYLGGGSALDLLEPYLHSEKKIHRDIKAANVLLLADFGVA
Q9Y6M4,CK1g3,16,16,KKIGCGNFGELRLVAIKLEQLHLEYRFYKQLGDGIPQVYYFAMVLELLG_PSLEDLFDLYVHSKNLIYRDVKPENFLIIIDFALA
