uniprot_id,kinase_name,kinase_klifs_id,structure_id,pdb_id,chain,alt_loc,species,resolution,quality_score,missing_residues,missing_atoms,DFG_state,alphaC_state,ligand,ligand_id,allosteric_ligand,allosteric_ligand_id,pocket_85aa,dash_count
O00141,SGK1,64,6849,2r5t,A,,Human,1.9,6.2,7,2,in,na,ANP,64,0,0,KVIGKGSFGKVLLYAVKVL_______VLLKNVPFLVGLHFSYFVLDYINGGELFYHLQRYLHSLNIVYRDLKPENILLLTDFGLC,7
O00238,BMPR1B,520,1500,3mdy,C,B,Human,2.05,9.6,0,4,in,in,LDN,321,0,0,KQIGKGRYGEVWMVAVKVFSWFRETEIYQTVLENILGFIAAYLITDYHENGSLYDYLKSTQGKPAIAHRDLKSKNILVIADLGLA,0
O00311,CDC7,267,13841,6ya6,A,B,Human,1.44,8.0,0,0,in,in,0SX,1507,0,0,DKIGEGTFSSVYLIALKHLRIAAELQCLTVAGDNVMGVKYCVIAMPYLE_HESFLD__IRIHQFGIVHRDVKPSNFLYLVDFGLA,3
O00329,p110d,1082,9093,5t8f,A,,Human,2.91,8.7,0,9,in,in,799,2606,0,0,CTFMDSKMKPLWIIIFKNGDLRQDMLTLQMIQLRMTPYGCLTGLIEVVLSDTIANIQLNATYV__LGIGDRHSDNIMIHIDFGHF,2
O00444,PLK4,314,1814,3cok,A,A,Human,2.25,8.8,0,12,in,in,ANP,64,0,0,NLLGKGSFAGVYRVAIKMIRVQNEVKIHCQLKPSILELYNYYLVLEMCHNGEMNRYLKNYLHSHGILHRDLTLSNLLLIADFGLA,0
O00506,YSK1,381,464,4nzw,B,,Human,3.58,8.0,0,0,out-like,in,J60,158,0,0,DRIGKGSFGEVYKVAIKIIDIQQEITVLSQCDPYITRYFGSWIIMEYLGGGSALDLLKPYLHSERKIHRDIKAANVLLLAAFGVA,0
O14733,MAP2K7,389,12695,6yg0,A,,Human,2.0,9.6,0,4,out-like,in,0,0,0,0,GEMGSGTCGQVWKIAVKQMRILMDLDVVLKSHPYIVQCFGTFIAMELMGTCAEKLKKRMLKEKHGVIHRDVKPSNILLLCDFGIS,0
O14757,CHK1,121,13492,7ako,B,A,Human,1.8,9.9,0,1,in,in,STU,28,0,0,QTLGEGAYGEVQLVAVKIVNIKKEICINKMLNENVVKFYGHYLFLEYCSGGELFDRIEPYLHGIGITHRDIKPENLLLISDFGLA,0
O14920,IKKb,270,291,4e3c,D,,Human,3.98,8.0,0,0,in,in,0,0,0,0,KERTGGFGNVIRWIAIKQCRWCLEIQIMRRLTPNVVAARDVLLAMEYCQGGDLRKYLNQYLHENRIIHRDLKPENIVLIIDLGYA,0
O14936,CASK,139,13583,7oai,A,B,Human,2.3,9.7,0,3,in,in,V5W,4009,0,0,EVIGKGPFSVVRRFAVKIVDLKREASICHMLKPHIVELLETYMVFEFMDGADLCFEIVKYCHDNNIIHRDVKPHCVLLLGGFGVA,0
O14965,AurA,259,1977,1mq4,A,,Human,1.9,9.6,0,4,in,in,ADP,26,0,0,RPLGKGKFGNVYLLALKVLQLRREVEIQSHLRPNILRLYGYYLILEYAPLGTVYRELQKYCHSKRVIHRDIKPENLLLIADFGWS,0
O14976,GAK,279,333,4c58,A,B,Human,2.16,9.4,0,6,in,in,824,79,0,0,RVLAEGGFAFVYEYALKRLAIIQEVCFMKKLSPNIVQFCSALLLTELCK_GQLVEFLKKHRQKPPIIHRDLKVENLLLLCDFGSA,1
O15075,DCLK1,145,6984,5jzj,A,A,Human,1.71,9.4,0,6,in,in,AN2,141,0,0,RTIGDGNFAVVKEYALKIIMIQNEVSILRRVKPNIVLLIEEYLVMELVKGGDLFDAITSYLHSLNIVHRDIKPENLLVLGDFGLA,0
O15111,IKKa,269,7144,5ebz,D,,Human,4.5,8.0,0,0,in,in,5TL,2279,PDX,2278,ERLGTGGFGNVCLIAIKSCRWCHEIQIMKKLNANVVKACDVLLAMEYCSGGDLRKLLNKYLHENKIIHRDLKPENIVLIIDLGYA,0
O15264,p38d,251,2946,3coi,A,B,Human,2.09,9.3,0,7,in,in,0,0,0,0,THVGSGAYGSVCSVAIKKLRAYRELLLLKHMQENVIGLLDVYLVMPFMQ_TDLQKIMGLYIHSAGVVHRDLKPGNLAVILDFGLA,1
O15530,PDK1,27,3202,3orx,E,,Human,2.2,8.8,0,12,in,in,0,0,1F8,977,KILGEGSFSTVVLYAIKILYVTRERDVMSRLDPFFVKLYFCYFGLSYAKNGELLKYIRKYLHGKGIIHRDLKPENILLITDFGTA,0
O43293,DAPK3,141,381,3bhy,A,B,Human,1.24,8.1,0,19,in,in,7CP,134,0,0,EELGSGQFAIVRKYAAKFIEIEREVNILREIRPNIITLHDIVLILELVSGGELFDFLAEYLHSKRIAHFDLKPENIMLLIDFGIA,0
O43318,TAK1,504,6886,5jga,A,,Human,2.0,9.5,0,5,in,in,6KC,2187,0,0,EVVGRGAFGVVCKVAIKQIAFIVELRQLSRVNPNIVKLYGACLVMEYAEGGSLYNVLHGSMQPKALIHRDLKPPNLLLICDFGTA,0
O43353,RIPK2,512,6633,5j79,B,A,Human,2.69,9.7,0,3,in,in,6GE,2105,0,0,RYLSRGASGTVSSVAVKHLDVLREAEILHKARSYILPILGIGIVTEYMPNGSLNELLHRHNMTPPLLHHDLKTQNILLIADFGLS,0
O43683,BUB1,262,1842,4r8q,A,,Human,2.31,7.6,0,0,in,in,ADP,26,0,0,HLLGEGAFAQVYEFVLKVQIGTQLMERLKPSMHMFMKFYSAVLVGELYSYGTLLNAINLQVHDCEIIHGDIKPDNFILLIDLGQS,0
O60566,BUBR1,263,11992,6tlj,S,,Human,0.0,5.2,0,8,out-like,out,0,0,0,0,ENVQPLRQGRIMSESACNNFEYEIRFYTGNDPDVWDRYISWQGGKESNMSTLLERAVEACNEPLDMYSYLHNQGIGVSWAEEYEA,0
O60674,JAK2,436,7358,5tq5,A,,Human,2.3,9.5,0,5,in,in,7GX,2346,0,0,QQLGKGNFGSVEMVAVKKLDFEREIEILKSLQDNIVKYKGVKLIMEYLPYGSLRDYLQKYLGTKRYIHRDLATRNILVIGDFGLT,0
O75116,ROCK2,10,12745,7jnt,C,B,Human,2.214,9.8,0,2,in,in,VFA,3818,0,0,KVIGRGAFGEVQLYAMKLLFFWEERDIMAFANPWVVQLFYAYMVMEYMPGGDLVNLMSNAIHSMGLIHRDVKPDNMLLLADFGTC,0
O75460,IRE1,273,1801,4z7h,B,,Human,2.9,9.7,0,3,in,in,4L5,483,0,0,DVLGHGAEGTIVYVAVKRIFADREVQLLRESDPNVIRYFCTYIAIELCAA_TLQEYVEQHLHSLNIVHRDLKPHNILIISDFGLC,1
O75582,MSK1,49,107,1vzo,A,B,Human,1.8,7.2,0,0,in,out,0,0,0,0,KVLGTGAYGKVFLYAMKVLHTRTERQVLEHIRPFLVTLHYAHLILDYINGGELFTHLSQHLHKLGIIYRDIKLENILLLTDFGLS,0
O75716,MPSK1,280,2230,2buj,B,,Human,2.6,9.2,0,8,in,in,STU,28,0,0,QKLGEGGFSYVDLYALKRIEAQREADMHRLFNPNILRLVAYWLLLPFFKRGTLWNEIERAIHAKGYAHRDLKPTNILLLMDLGSM,0
O75914,PAK3,369,9462,6fd3,A,A,Human,1.52,8.0,0,0,in,in,ADP,26,T8L,2991,EKIGQGASGTVYTVAIKQMLIINEILVMRENKPNIVNYLDSWVVMEYLAGGSLTDVVTEFLHSNQVIHRDIKSDNILLLTDFGFC,0
O76039,CDKL5,216,1425,4bgq,A,A,Human,2.0,8.2,0,18,in,in,38R,341,0,0,GVVGEGAYGVVLKVAIKKFTTLRELKMLRTLKENIVELKEAYLVFEYVE_KNMLELLEEWCHKNDIVHRDIKPENLLILCDFGFA,1
O94768,DRAK2,143,6795,3lm5,A,A,Human,2.29,9.6,0,4,in,in,QUE,645,0,0,KELGRGKFAVVRQYAAKFLEILHEIAVLELAKPRVINLHEVILILEYAAGGEIFSLCLPYLHQNNIVHLDLKPQNILLIVDFGMS,0
O94804,LOK,373,950,5ajq,A,A,Human,2.2,9.6,0,4,in,in,DB8,252,0,0,GELGDGAFGKVYKAAAKVIDYIVEIEILATCDPYIVKLLGAWIMIEFCPGGAVDAIMLEFLHSKRIIHRDLKAGNVLMLADFGVS,0
O95747,OSR1,353,4833,2vwi,D,B,Human,2.15,9.8,0,2,in,out,ANP,64,0,0,EVIGSGATAVVQAVAIKRIELLKEIQAMSQCHPNIVSYYTSWLVMKLLSGGSVLDIIKHYLHKNGQIHRDVKAGNILLIADFGVS,0
O95819,HGK,359,2739,4rvt,B,B,Human,2.4,8.3,0,13,out,out,0,0,0,0,EVVGNGTYGQVYKAAIKVMEIKLEINMLKKYSRNIATYYGAWLVMEFCGAGSITDLVKNHLHIHHVIHRDIKGQNVLLLVDFGVS,0
O96013,PAK4,370,14493,7s47,A,A,Human,2.0,8.0,0,0,in,in,ANP,64,0,0,IKIGEGSTGIVCIVAVKKMLLFNEVVIMRDYQENVVEMYNSWVVMEFLEGGALTDIVTHVLHAQGVIHRNIKSDSILLLSDFGFC,0
O96017,CHK2,168,4774,2ycf,A,B,Human,1.77,8.0,0,0,in,in,YCF,1488,0,0,KTLGSGACGEVKLVAIKIINVETEIEILKKLNPCIIKIKNFYIVLELMEGGELFDKVVGYLHENGIIHRDLKPENVLLITDFGHS,0
P00519,ABL1,392,1087,2hzi,A,B,Human,1.7,9.7,0,3,out-like,in,JIN,283,0,0,HKLGGGQYGEVYEVAVKTLEFLKEAAVMKEIKPNLVQLLGVYIITEFMTYGNLLDYLREYLEKKNFIHRDLAARNCLVVADFGLS,0
P00533,EGFR,406,6664,5d41,B,B,Human,2.31,9.9,0,1,in,out,ANP,64,0,0,KVLGSGAFGTVYKVAIKELEILDEAYVMASVDPHVCRLLGIQLIMQLMPFGCLLDYVREYLEDRRLVHRDLAARNVLVITDFGLA,0
P04049,RAF1,510,936,3omv,B,,Human,4.0,8.0,0,0,in,in,SM5,249,0,0,TRIGSGSFGTVYKVAVKILAFRNEVAVLRKTRVNILLFMGYAIVTQWCEGSSLYKHLHVYLHAKNIIHRDMKSNNIFLIGDFGLA,0
P04626,ErbB2,407,14319,7pcd,A,B,Human,1.77,8.0,0,0,in,in,70I,4283,0,0,KVLGSGAFGTVYKVAIKVLEILDEAYVMAGVGPYVSRLLGIQLVTQLMPYGCLLDHVREYLEDVRLVHRDLAARNVLVITDFGLA,0
P04629,TRKA,480,3608,4pmp,A,B,Human,1.8,9.3,0,3,out,in,31W,1098,0,0,WELGEGAFGKVFLVAVKALDFQREAELLTMLQQHIVRFFGVLMVFEYMRHGDLNRFLRSYLAGLHFVHRDLATRNCLVIGDFGMS,0
P06213,INSR,433,11591,6pxw,B,,Human,0.0,4.0,0,0,out-like,out,0,0,0,0,LSFFRKLRLIRGEFYALDNWSKHNLTITQGKLFHYNPKLCLEEVSGTKGRQERNDIALKKILLRWEPYWPPDFRDLLGAPYQNVT,0
P06239,LCK,466,2276,4c3f,A,A,Human,1.72,9.6,0,4,in,in,7KW,637,0,0,ERLGAGQFGEVWMVAVKSLAFLAEANLMKQLQQRLVRLYAVYIITEYMENGSLVDFLKTFIEERNYIHRNLRAANILVIADFGLA,0
P06493,CDC2,197,10776,6gu2,A,B,Human,2.0,8.0,0,0,in,in,F9Z,3288,0,0,EKIGEGTYGVVYKVAMKKITAIREISLLKELRPNIVSLQDVYLIFEFLS_MDLKKYLDSFCHSRRVLHRDLKPQNLLILADFGLA,1
P07332,FES,427,2810,3bkb,A,A,Human,1.78,9.7,0,3,in,in,STU,28,0,0,EQIGRGNFGEVFSVAVKSCKFLQEARILKQYSPNIVRLIGVYIVMELVQGGDFLTFLRTYLESKCCIHRDLAARNCLVISDFGMS,0
P07333,FMS,449,1241,3lcd,A,A,Human,2.5,9.4,0,6,in,in,BDY,320,0,0,KTLGAGAFGKVVEVAVKMLALMSELKIMSHLGENIVNLLGALVITEYCCYGDLLNFLRRFLASKNCIHRDVAARNVLLIGDFGLA,0
P07948,LYN,467,8271,5xy1,A,,Human,2.7,8.0,0,0,in,in,8H0,2811,0,0,KRLGAGQFGEVWMVAVKTLAFLEEANLMKTLQDKLVRLYAVYIITEYMAKGSLLDFLKSYIERKNYIHRDLRAANVLVIADFGLA,0
P07949,RET,454,13106,7ju5,A,A,Human,1.9,9.6,0,4,in,in,Q4J,3872,0,0,KTLGEGEFGKVVKVAVKMLDLLSEFNVLKQVNPHVIKLYGALLIVEYAKYGSLRGFLREYLAEMKLVHRDLAARNILVISDFGLS,0
P08069,IGF1R,432,12015,6jk8,A,A,Human,4.7,4.0,0,0,out-like,out,0,0,0,0,RVAGLESLGDLFPGAIRIEPINNEYNTTNRCQPNTYRFLSAMFIMYCIPEGPCPKVCEEIRHSHALVSLSLKNLRLILLWDWDHR,0
P08581,MET,446,2972,4r1v,A,B,Human,1.2,8.0,0,0,in,out,3E8,890,0,0,EVIGRGHFGCVYHCAVKSLQFLTEGIIMKDFSPNVLSLLGILVVLPYMKHGDLRNFIRNYLASKKFVHRDLAARNCMLVADFGLA,0
P08631,HCK,465,9987,5zj6,A,,Human,1.7,8.0,0,0,in,out,VSE,799,0,0,KKLGAGQFGEVWMVAVKTMAFLAEANVMKTLQDKLVKLHAVYIITEFMAKGSLLDFLKSFIEQRNYIHRDLRAANILVIADFGLA,0
P08922,ROS,458,198,4uxl,A,,Human,2.4,8.0,0,0,in,in,5P8,71,0,0,LLLGSGAFGEVYEVAVKTLEFLKEAHLMSKFNPNILKQLGVYIILELMEGGDLLTYLRKYLERMHFIHRDLAARNCLVIGDFGLA,0
P0C1S8,Wee1B,335,8349,5vdk,A,,Human,2.7,8.0,0,0,in,in,8X7,2856,0,0,EKIGVGEFGTVYKYAIKRSSALHEVYAHAVLGPHVVRYYSSIIQNEYCNGGSLQAAISEYIHNSSMVHLDIKPSNIFIIGDLGHA,0
P10721,KIT,451,15116,8pqf,A,A,Human,1.9,9.6,0,4,in,in,9KI,4623,0,0,KTLGAGAFGKVVEVAVKMLALMSELKVLSYLGENIVNLLGALVITEYCCYGDLLNFLRRFLASKNCIHRDLAARNILLICDFGLA,0
P11309,PIM1,160,9585,5n50,A,A,Human,1.92,9.8,0,2,in,in,8MN,3024,0,0,PLLGSGGFGSVYSVAIKHVRVPMEVVLLKKVSSGVIRLLDWVLILERPEVQDLFDFITEHCHNCGVLHRDIKDENILILIDFGSG,0
P11362,FGFR1,428,6018,4uwb,B,A,Human,2.31,9.7,0,3,in,in,JVT,1859,0,0,KPLGEGAFGQVVLVAVKMLDLISEMEMMKMIGKNIINLLGAYVIVEYASKGNLREYLQAYLASKKCIHRDLAARNVLVIADFGLA,0
P11802,CDK4,201,3389,2w96,B,B,Human,2.3,8.0,0,0,in,out,0,0,0,0,AEIGVGAYGTVYKVALKSVSTVREVALLRRLEPNVVRLMDVTLVFEHVD_QDLRTYLDKFLHANCIVHRDLKPENILVLADFGLA,1
P12931,SRC,462,11484,6e6e,B,C,Human,2.15,9.5,0,5,in,in,HVY,3475,0,0,VKLGQGCFGEVWMVAIKTLAFLQEAQVMKKLREKLVQLYAVYIVTEYMSKGSLLDFLKGYVERMNYVHRDLRAANILVVADFGLA,0
P14616,IRR,434,14611,7tym,A,,Human,3.4,4.0,0,0,in,out,0,0,0,0,GRGTFGVIFEVAVRVETLLEECPVLGRCSPMTECLGGYCVTEFIHQGCAQFTRNFLHSKNLIRGDLDNQNLQLGRG,0
P15056,BRAF,509,7065,5jt2,A,,Human,2.7,9.7,0,3,in,out,6NC,2253,BEN,2251,QRIGSGSFGTVYKVAVKMLAFKNEVGVLRKTRVNILLFMGYAIVTQWCEGSSLYHHLHAYLHAKSIIHRDLKSNNIFLIGDFGLA,0
P15735,PHKg2,159,1895,2y7j,B,B,Human,2.5,9.6,0,4,in,in,B49,5,0,0,DVIGRGVSSVVRRFAVKIMATRRETHILRQVAPHIITLIDSFLVFDLMRKGELFDYLTEFLHANNIVHRDLKPENILLLSDFGFS,0
P16234,PDGFRa,452,15104,8pqi,A,B,Human,2.6,9.4,0,6,in,in,9OO,4618,0,0,RVLGSGAFGKVVEVAVKMLALMSELKIMTHLGLNIVNLLGAYIIIEYCFYGDLVNYLHKFLASKNCVHRDLAARNVLLICDFGLA,0
P17612,PKACa,28,13006,6wjg,A,,Human,6.2,8.0,0,0,in,out,0,0,0,0,KTLGTGSFGRVMLYAMKILHTLNEKRILQAVNPFLVKLEFSYMVMEYVPGGEMFSHLRRYLHSLDLIYRDLKPENLLIVTDFGFA,0
P17948,FLT1,483,3837,3hng,A,A,Human,2.7,7.6,0,0,out,in,8ST,1156,0,0,KSLGRGAFGKVVQVAVKMLALMTELKILTHIGLNVVNLLGAMVIVEYCKYGNLSNYLKSFLSSRKCIHRDLAARNILLICDFGLA,0
P19525,PKR,310,11385,6d3k,B,,Human,2.6,8.0,0,0,in,in,ADP,26,0,0,ELIGSGGFGQVFKYVIKRVKAEREVKALAKLDVNIVHYNGCFIQMEFCDKGTLEQWIEKYIHSKKLIHRDLKPSNIFLIGDFGLV,0
P19784,CK2a2,222,11011,6qy9,A,B,Human,1.5,8.9,0,11,in,in,JL2,3360,0,0,RKLGRGKYSEVFEVVVKILKIKREVKILENLRTNIIKLIDTALVFEYIN_NTDFKQLYQYCHSKGIMHRDVKPHNVMILIDWGLA,1
P21802,FGFR2,430,472,4j98,B,B,Human,2.31,9.7,0,3,in,in,ACP,160,0,0,KPLGEGAFGQVVMVAVKMLDLVSEMEMMKMIGKNIINLLGAYVIVEYASKGNLREYLRAYLASQKCIHRDLAARNVLVIADFGLA,0
P21860,ErbB3,408,1936,3lmg,B,,Human,2.8,9.7,0,3,in,out,ANP,64,0,0,KVLGSGVFGTVHKVCIKVIAVTDHMLAIGSLDAHIVRLLGLQLVTQYLPLGSLLDHVRQYLEEHGMVHRNLAARNVLLVADFGVA,0
P22455,FGFR4,431,14166,7wcx,A,,Human,2.175,9.6,0,4,in,in,90F,4218,0,0,KPLGEGAFGQVVRVAVKMLDLVSEMEVMKLIGKNIINLLGVYVIMECAAKGNLREFLRAYLESRKCIHRDLAARNVLVIADFGLA,0
P22607,FGFR3,429,15204,8udu,A,B,Human,1.737,8.0,0,0,in,in,WIQ,4658,0,0,KPLGEGCFGQVVMVAVKMLDLVSEMEMMKMIGKNIINLLGAYVLVEYAAKGNLREFLRAYLASQKCIHRDLAARNVLVIADFGLA,0
P23443,p70S6K,51,1858,4l3j,A,,Human,2.1,8.0,0,0,in,in,5FI,492,0,0,RVLGKGGYGKVFQFAMKVLHTKAERNILEEVKPFIVDLIYAYLILEYLSGGELFMQLERHLHQKGIIYRDLKPENIMLLTDFGLC,0
P24941,CDK2,198,11211,6q4f,A,B,Human,1.21,9.6,0,4,in,out,26D,3412,0,0,EKIGEGTYGVVYKVALKKITAIREISLLKELNPNIVKLLDVYLVFEFLH_QDLKKFMDAFCHSHRVLHRDLKPQNLLILADFGLA,1
P25092,HSER,340,14837,8fx4,D,,Human,3.9,1.6,41,0,out,na,0,0,0,0,________________________________________TFGVIEYCERGSLREVLNDLHSSKTEVHGRLKSTNCVVITDFGC_,41
P25098,BARK1,11,1705,3v5w,A,A,Human,2.07,8.0,0,0,in,in,8PR,473,0,0,RIIGRGGFGEVYGYAMKCLLALNERIMLSLVSPFIVCMSYASFILDLMNGGDLHYHLSQHMHNRFVVYRDLKPANILLISDLGLA,0
P27037,ACTR2,523,2679,4asx,B,B,Human,2.05,9.6,0,4,in,in,6OJ,809,0,0,EVKARGRFGCVWKVAVKIFSWQNEYEVYSLPGENILQFIGAWLITAFHEKGSLSDFLKADGHKPAISHRDIKSKNVLLIADFGLA,0
P27361,Erk1,240,1713,4qtb,A,B,Human,1.4,8.0,0,0,in,in,38Z,476,0,0,QYIGEGAYGMVSSVAIKKIRTLREIQILLRFRENVIGIRDIYIVQDLME_TDLYKLLKSYIHSANVLHRDLKPSNLLIICDFGLA,1
P27448,MARK3,126,3269,2qnj,A,,Human,2.7,8.6,0,14,in,in,0,0,0,0,KTIGKGNFAKVKLVAIKIIKLFREVRIMKILNPNIVKLFEVYLIMEYASGGEVFDYLVAYCHQKRIVHRDLKAENLLLIADFGFS,0
P28482,Erk2,239,2605,4zzn,A,A,Human,1.33,9.8,0,2,in,in,CQ8,786,0,0,SYIGEGAYGMVCSVAIKKIRTLREIKILLRFRENIIGINDIYIVQDLME_TDLYKLLKTYIHSANVLHRDLKPSNLLLICDFGLA,1
P29317,EphA2,410,14503,8bk0,A,B,Human,1.7,8.2,0,18,in,in,QJI,4356,0,0,KVIGAGEFGEVYKVAIKTLDFLGEAGIMGQFSHNIIRLEGVMIITEYMENGALDKFLREYLANMNYVHRDLAARNILVVSDFGLS,0
P29320,EphA3,412,2844,4gk3,A,A,Human,1.9,9.6,0,4,in,in,L87,850,0,0,KVVGAGEFGEVCSVAIKTLDFLGEASIMGQFDPNIIRLEGVMIVTEYMENGSLDSFLRKYLSDMGYVHRDLAARNILIVSDFGLS,0
P29322,EphA8,416,1251,3kul,A,A,Human,2.15,8.0,0,0,in,in,0,0,0,0,KIIGSGDSGEVCYVAIKALDFLSEASIMGQFDPNIIRLEGVMIVTEYMENGSLDTFLRTYLSDLGYVHRDLAARNVLVVSDFGLS,0
P29323,EphB2,418,2731,3zfm,A,,Human,2.27,6.2,7,10,in,in,0,0,0,0,QVI____FGEVCSVAIKTLDFLSEASIMGQFDPNVIHLEGVMIITEFMENGSLDSFLRQYLADMNYVHRDLAARNILVVSDF___,7
P29597,TYK2,441,3332,4gih,A,B,Human,2.0,8.0,0,0,in,in,0X5,1022,0,0,RDLGEGHFGKVSLVAVKALGWKQEIDILRTLYEHIIKYKGCQLVMEYVPLGSLRDYLPRYLHAQHYIHRNLAARNVLLIGDFGLA,0
P30291,Wee1,333,209,1x8b,A,,Human,1.81,9.0,0,10,in,in,824,79,0,0,EKIGSGEFGSVFKYAIKRSNALREVYAHAVLGSHVVRYFSALIQNEYCNGGSLADAISEYIHSMSLVHMDIKPSNIFIIGDLGHV,0
P30530,AXL,398,8257,5u6b,C,,Human,2.84,8.0,0,0,in,out,7YS,2807,0,0,KTLGEGEFGAVMEVAVKTMDFLSEAVCMKEFDPNVMRLIGVVVILPFMKHGDLHSFLLYYLSTKRFIHRDLAARNCMLVADFGLS,0
P31749,AKT1,1,10914,6hhj,A,,Human,2.3,6.8,0,0,out,out,G4H,3326,0,0,KLLGKGTFGKVILYAMKILHTLTENRVLQNSRPFLTALKYSCFVMEYANGGELFFHLSRLHSEKNVVYRDLKLENLMLITDFGLC,0
P31751,AKT2,2,15393,9c1w,A,,Human,2.0,8.2,0,6,out,out,XOO,4719,0,0,KLLGKGTFGKVILYAMKILHTVTESRVLQNTRPFLTALKYACFVMEYANGGELFFHLSRYLHSRDVVYRDIKLENLMLITDFGLC,0
P32298,GPRK4,13,422,4yhj,A,,Human,2.6,8.0,0,0,in,in,AN2,141,0,0,RVLGKGGFGEVCAYACKKLMALNEKRILEKVQRFVVSLAYACLVLTIMNGGDLKFHIYNDLQRERIVYRDLKPENILLISDLGLA,0
P33981,TTK,326,6100,5ap7,A,,Human,2.45,9.6,0,4,in,in,SVE,1467,0,0,KQIGSGGSSKVFQYAIKYVSYRNEIAYLNKLQDKIIRLYDYYMVMEWGN_IDLNSWLKKTIHQHGIVHSDLKPANFLILIDFGIA,1
P34925,RYK,457,11943,6tua,A,,Human,2.38,9.3,0,7,in,in,0,0,0,0,DVLQEGTFGRIFHAFVKTVMMLTESCKLRGLHRNLLPITHVMVILPYMNWGNLKLFLRQYLARREVIHKDLAARNCVIITDNALS,0
P34947,GPRK5,14,3275,4tnd,A,,Human,1.8,8.0,0,0,in,in,ANP,64,0,0,RVLGKGGFGEVCAYACKRLMALNEKQILEKVNQFVVNLAYACLVLTIMNGGDLKFHIYNDLHHENTVYRDLKPENILLISDLGLA,0
P35968,KDR,485,10580,6gqo,A,A,Human,1.87,9.4,0,6,out,in,F82,3208,0,0,KPLGRGAFGQVIEVAVKMLALMSELKILIHIGLNVVNLLGAMVIVEFCKFGNLSTYLRSFLASRKCIHRDLAARNILLICDFGLA,0
P36507,MAP2K2,384,2770,1s9i,B,,Human,3.2,8.0,0,0,in,out,ATP,63,0,0,SELGAGNGGVVTKMARKLIQIIRELQVLHECNPYIVGFYGASICMEHMDGGSLDQVLKELREKHQIMHRDVKPSNILVLCDFGVS,0
P36888,FLT3,450,9522,5x02,A,,Human,2.4,9.1,0,5,out,in,F6M,3004,0,0,KVLGSGAFGKVMNVAVKMLALMSELKMMTQLGENIVNLLGAYLIFEYCCYGDLLNYLRSFLEFKSCVHRDLAARNVLVICDFGLA,0
P36897,TGFbR1,521,6609,5e8s,A,B,Human,1.45,9.8,0,2,in,in,0,0,0,0,ESIGKGRFGEVWRVAVKIFSWFREAEIYQTVMENILGFIAAWLVSDYHEHGSLFDYLNRTQGKPAIAHRDLKSKNILVIADLGLA,0
P37023,ALK1,518,1266,3my0,A,,Human,2.65,9.0,0,10,in,in,LDN,321,0,0,ECVGKGRYGEVWRVAVKIFSWFRETEIYNTVLDNILGFIASWLITHYHEHGSLYDFLQRTQGKPAIAHRDFKSRNVLVIADLGLA,0
P37173,TGFbR2,527,10663,5qin,A,B,Human,1.57,9.4,0,6,in,in,J2V,3259,0,0,TLVGKGRFAEVYKVAVKIFSWKTEKDIFSDINENILQFLTAWLITAFHAKGNLQEYLTRGRPKMPIVHRDLKSSNILVLCDFGLS,0
P41240,CSK,402,2942,3d7u,A,,Human,4.11,8.0,0,0,in,in,0,0,0,0,QTIGKGEFGDVMLVAVKCIAFLAEASVMTQLRSNLVQLLGVYIVTEYMAKGSLVDYLRSYLEGNNFVHRDLAARNVLVVSDFGLT,0
P41279,COT,390,428,4y83,A,,Human,2.89,8.0,0,21,in,in,49B,143,0,0,DFIPRGAFGKVYLMACKLIFKPSDVEIQACFRENIAELYGAHLFMEAGEGGSVLEKLESFLHSKKVIHHDIKPSNIVFLVDFGLS,0
P42336,p110a,1087,9290,4l23,A,,Human,2.5,9.6,0,4,in,in,X6K,2492,0,0,CRIMSSAKRPLWLIIFKNGDLRQDMLTLQIIRLRMLPYGCLVGLIEVVRSHTIMQIQCKATFI__LGIGDRHNSNIMVHIDFGHF,2
P42345,FRAP,97,9748,5zcs,A,,Human,0.0,9.6,0,0,in,in,0,0,0,0,LQVITSKQRPRKLFLLKGHDLRQDERVMQLFGLSIQRYAVISGLIGWVPCDTLHALIRDVGYI__LGLGDRHPSNLMLHIDFGDC,2
P42356,PI4KA,1096,9069,6bq1,E,,Human,0.0,6.8,2,0,out-like,in,E4S,2974,0,0,_PMQSAAKAPYLAAIFKVGDCRQDMLALQIIDLFVFPYRVVCGVIECIPDCTSRDQLG_LLFL__LQIKDRHNGNIMLHIDFGFM,4
P42684,ABL2,393,109,3gvu,A,B,Human,2.05,9.8,0,2,out,in,STI,48,STI,48,HKLGGGQYGEVYVVAVKTLEFLKEAAVMKEIKPNLVQLLGVYIVTEYMPYGNLLDYLREYLEKKNFIHRDLAARNCLVVADFGLS,0
P43250,GPRK6,15,417,2acx,B,,Human,2.6,8.0,0,0,in,in,ANP,64,0,0,RVLGKGGFGEVCAYACKKLMALNEKQILEKVNRFVVSLAYACLVLTLMNGGDLKFHIYHDLHRERIVYRDLKPENILLISDLGLA,0
P43403,ZAP70,471,2735,2ozo,A,,Human,2.6,9.0,0,10,in,out,ANP,64,0,0,IELGCGNFGSVRQVAIKVLEMMREAQIMHQLDPYIVRLIGVMLVMEMAGGGPLHKFLVGYLEEKNFVHRNLAARNVLLISDFGLS,0
P43405,SYK,470,7282,5tr6,A,A,Human,1.93,9.6,0,4,in,in,7KG,2321,0,0,KELGSGNFGTVKKVAVKILELLAEANVMQQLDPYIVRMIGIMLVMEMAELGPLNKYLQQYLEESNFVHRDLAARNVLLISDFGLS,0
P45983,JNK1,245,4639,4l7f,A,A,Human,1.95,9.8,0,2,in,in,1V5,1433,0,0,KPIGSGAQGIVCAVAIKKLRAYRELVLMKCVNKNIIGLLNVYIVMELMD_ANLCQVIQMHLHSAGIIHRDLKPSNIVVILDFGLV,1
P45984,JNK2,246,14241,7n8t,A,A,Human,1.69,8.0,0,0,in,in,AMP,140,0,0,KPIGSGAQGIVCAVAVKKLRAYRELVLLKCVNKNIISLLNVYLVMELMD_ANLCQVIHMHLHSAGIIHRDLKPSNIVVILDFGLA,1
P45985,MAP2K4,387,2832,3aln,A,,Human,2.3,9.7,0,3,in,out,ANP,64,0,0,GEIGRGAYGSVNKMAVKRIQLLMDLDVVMRSSPYIVQFYGAWICMELMS_TSFDKFYKYLKENLKIIHRDIKPSNILLLCDFGIS,1
P48729,CK1a,184,6415,5fqd,C,,Human,2.45,9.9,0,1,in,in,0,0,0,0,RKIGSGSFGDIYLVAVKLEQLLYESKLYKILQVGIPHIRWYVLVMDLLG_PSLEDLFNFYVHTKNFIHRDIKPDNFLMLIDFGLA,1
P48730,CK1d,186,11605,6hmr,B,A,Human,1.78,9.7,0,3,in,in,0,0,0,0,RKIGSGSFGDIYLVAIKLEQLHIESKIYKMMQVGIPTIRWCVMVMELLG_PSLEDLFNFYIHSKNFIHRDVKPDNFLMIIDFGLA,1
P48736,p110g,1081,9242,4ful,A,,Human,2.47,9.5,0,1,in,in,0VU,2561,0,0,CKVMASKKKPLWLIIFKHGDLRQDMLILQILRLCLLPYGCIIGMIEIVKATTIAKIQQSATFV__LGIGDRHNDNIMIHIDFGHI,2
P49137,MAPKAPK2,150,1342,1nxk,A,,Human,2.7,9.7,0,3,in,in,STU,28,0,0,QVLGLGINGKVLQFALKMLKARREVELHWRASPHIVRIVDVLIVMECLDGGELFSRIQDYLHSINIAHRDVKPENLLYLTDFGFA,0
P49336,CDK8,205,6152,5bnj,A,,Human,2.64,8.3,0,17,in,in,4TV,1902,0,0,CKVGRGTYGHVYKYALKQISACREIALLRELKPNVISLQKVWLLFDYAE_HDLWHIIKFYLHANWVLHRDLKPANILVIADMGFA,1
P49674,CK1e,187,1727,4hok,M,,Human,2.77,9.0,0,10,in,in,0,0,0,0,RKIGSGSFGDIYLVAIKLEQLHIESKFYKMMQVGIPSIKWCVMVMELLG_PSLEDLFNFYIHSKNFIHRDVKPDNFLMIIDFGLA,1
P49759,CLK1,223,11644,6khd,B,A,Human,2.7,9.8,0,2,in,in,3NG,1739,0,0,DTLGEGAFGKVVEVAVKIVAARSEIQVLEHLNFRCVQMLEWCIVFELLG_LSTYDFIKEFLHSNKLTHTDLKPENILFVVDFGSA,1
P49760,CLK2,224,1927,3nr9,A,,Human,2.89,9.6,0,4,in,in,NR9,515,0,0,STLGEGTFGRVVQVALKIIAARLEINVLEKINNLCVQMFDWCISFELLG_LSTFDFLKDFLHDNKLTHTDLKPENILFVVDFGSA,1
P49761,CLK3,225,12636,6z2v,A,B,Human,2.6,9.7,0,3,in,in,KHC,3727,0,0,GNLGEGTFGKVVEVALKIIAARLEINVLKKIKFLCVLMSDWCIAFELLG_KNTFEFLKEFLHENQLTHTDLKPENILFVVDFGSA,1
P49841,GSK3B,238,671,4nm0,A,B,Human,2.5,9.6,0,4,in,in,ADP,26,0,0,KVIGNGSFGVVYQVAIKKVFKNRELQIMRKLDCNIVRLRYFNLVLDYVP_ETVYRVARHYIHSFGICHRDIKPQNLLLLCDFGSA,1
P50613,CDK7,204,11055,6o9l,8,,Human,0.0,8.0,0,0,in,in,0,0,0,0,DFLGEGQFATVYKVAIKKITALREIKLLQELSPNIIGLLDASLVFDFME_TDLEVIIKDYLHQHWILHRDLKPNNLLLLADFGLA,1
P51617,IRAK1,486,8698,6bfn,A,A,Human,2.26,8.0,0,0,in,in,DL1,2960,0,0,LKIGEGGFGCVYRYAVKRLSFLTEVEQLSRFRPNIVDFAGYCLVYGFLPNGSLEDRLHCHQDSPSLIHGDIKSSNVLLLGDFGLA,0
P51812,RSK2,55,5987,5d9k,B,,Human,2.55,9.2,0,8,out-like,in,584,1848,0,0,KVLGQGSFGKVFLYAMKVLRTKMERDILVEVNPFIVKLHYAYLILDFLRGGDLFTRLSKHLHSLGIIYRDLKPENILLLTDFGLS,0
P51813,BMX,472,15130,8x2a,A,B,Human,1.3,8.0,0,0,in,out,LTJ,3359,0,0,KELGSGQFGVVQLVAVKMIEFFQEAQTMMKLSPKLVKFYGVYIVTEYISNGCLLNYLRSFLESHQFIHRDLAARNCLVVSDFGMT,0
P51955,NEK2,286,7159,5m53,A,A,Human,1.9,7.6,1,46,in,out,7GJ,2284,0,0,YTIGTGSYGRCQKLVWKELMLVSEVNLLRELKPNIVRYYDRYIVMEYCEGGDLASVITKSDGGHTVLHRDLKPANVFLLGDFGL_,1
P52333,JAK3,437,434,3lxl,A,A,Human,1.74,9.9,0,1,in,in,IZA,132,0,0,SQLGKGNFGSVELVAVKQLDFQREIQILKALHDFIVKYRGVRLVMEYLPSGCLRDFLQRYLGSRRCVHRDLAARNILVIADFGLA,0
P52564,MAP2K6,386,1228,3vn9,A,,Human,2.6,9.5,0,5,in,out,ANK,317,0,0,MELGRGAYGVVEKMAVKRIRLLMDLDISMRTVPFTVTFYGAWICMELMD_TSLDKFYKQLHSKLSVIHRDVKPSNVLIMCDFGIS,1
P53350,PLK1,311,4959,2v5q,B,A,Human,2.3,9.8,0,2,in,in,0,0,0,0,RFLGKGGFAKCFEFAGKIVKMSMEISIHRSLAQHVVGFHGFFVVLELCRRRSLLELHKRYLHRNRVIHRDLKLGNLFLIGDFGLA,0
P53355,DAPK1,140,5643,4pf4,A,A,Human,1.13,9.6,0,4,in,in,0,0,0,0,EELGSGQFAVVKKYAAKFIDIEREVSILKEIQPNVITLHEVILILELVAGGELFDFLAEYLHSLQIAHFDLKPENIMLIIDFGLA,0
P53667,LIMK1,490,1245,3s95,B,A,Human,1.65,8.9,0,11,in,in,STU,28,0,0,EVLGKGCFGQAIKMVMKELTFLKEVKVMRCLEPNVLKFIGVNFITEYIKGGTLRGIIKSYLHSMNIIHRDLNSHNCLVVADFGLA,0
P53671,LIMK2,491,14020,7qhg,A,B,Human,1.45,9.1,0,5,out,out,T3B,4161,0,0,EVLGKGFFGQAIKMVMKELTFLTEVKVMRSLDPNVLKFIGVNLLTEYIEGGTLKDFLRSYLHSMCIIHRDLNSHNCLIVADFGLS,0
P53778,p38g,252,11898,6una,A,A,Human,2.55,8.0,0,0,in,in,0,0,0,0,RPVGSGAYGAVCSVAIKKLRAYRELRLLKHMRENVIGLLDVYLVMPFMG_TDLGKLMKHYIHAAGIIHRDLKPGNLAVILDFGLA,1
P53779,JNK3,247,3459,4h36,A,A,Human,3.0,9.8,0,2,in,in,0,0,0,0,KPIGSGAQGIVCAVAIKKLRAYRELVLMKCVNKNIISLLNVYLVMELMD_ANLCQVIQMHLHSAGIIHRDLKPSNIVVILDFGLA,1
P54646,AMPKa2,118,7981,5iso,A,,Human,2.63,9.0,0,10,in,out,STU,28,992,68,DTLGVGTFGKVKIVAVKILKIKREIQNLKLFRPHIIKLYQVFMVMEYVSGGELFDYICKYCHRHMVVHRDLKPENVLLIADFGLS,0
P54753,EphB3,419,6937,5l6p,A,,Human,2.26,8.8,0,4,out-like,in,6P8,2197,0,0,EVIGAGEFGEVCRVAIKTLDFLSEASIMGQFDPNIIRLEGVMILTEFMENCALDSFLRLYLSEMNYVHRDLAARNILVVSDFGLS,0
P54756,EphA5,414,3412,2r2p,A,A,Human,2.4,8.0,0,0,in,in,0,0,0,0,RVIGAGEFGEVCSVAIKTLDFLGEASIMGQFDPNIIHLEGVMIVTEYMENGSLDTFLKKYLSDMGYVHRDLAARNILIVSDFGLS,0
P54760,EphB4,420,354,2x9f,A,A,Human,1.75,9.7,0,3,in,in,X9F,122,0,0,EVIGAGEFGEVCRVAIKTLEFLSEASIMGQFEPNIIRLEGVMILTEFMENGALDSFLRLYLAEMSYVHRDLAARNILVVSDFGLS,0
P54762,EphB1,417,559,3zfx,I,,Human,2.5,8.4,1,12,in,in,0,0,0,0,EVIGA_EFGEVYKVAIKTLDFLSEASIMGQFDPNIIRLEGVMIITEFMENGALDSFLRQYLAEMNYVHRDLAARNILVVSDFGLS,1
P68400,CK2a1,221,6897,5cu3,B,B,Human,1.79,9.9,0,1,in,in,54S,2190,0,0,RKLGRGKYSEVFEVVVKILKIKREIKILENLRPNIITLADIALVFEHVN_NTDFKQ__LYCHSMGIMHRDVKPHNVMILIDWGLA,3
P78362,SRPK2,257,14616,7zkx,A,B,Human,2.06,8.0,0,0,in,in,IXQ,4404,0,0,RKLGWGHFSTVWLVAMKVVTALDEIKLLKCVRDMVVQLIDDCMVFEVLG_HHLLKWIIKLHSKCKIIHTDIKPENILMIADLGNA,1
P78368,CK1g2,188,4620,2c47,B,B,Human,2.4,7.0,5,10,in,in,5ID,475,0,0,KKIG_____ELRLVAIKLEQLHLEYRFYKQLSEGVPQVYYFAMVLELLG_PSLEDLFDLYVHTKSLIYRDVKPENFLVIIDFGLA,6
P80192,MLK1,500,6127,4uy9,A,A,Human,2.81,9.6,0,4,in,out,0,0,0,0,EIIGIGGFGKVYRVAVKAANVRQEAKLFAMLKPNIIALRGVCLVMEFARGGPLNRVLSGDEAIVPIIHRDLKSSNILIITDFGLA,0
Q00532,CDKL1,217,760,4agu,B,,Human,2.4,8.0,0,46,in,in,D15,213,0,0,GKIGEGSYGVVFKVAIKKFIALREIRMLKQLKPNLVNLLEVHLVFEYCD_HTVLHELDRFCHKHNCIHRDVKPENILILCDFGFA,1
Q00534,CDK6,202,2802,1blx,A,,Human,1.9,9.8,0,2,in,out,0,0,0,0,AEIGEGAYGKVFKVALKRVSTIREVAVLRHLEPNVVRLFDVTLVFEHVD_QDLTTYLDKFLHSHRVVHRDLKPQNILVLADFGLA,1
Q00535,CDK5,203,2781,4au8,B,B,Human,1.9,8.0,0,0,in,in,Z3R,833,0,0,EKIGEGTYGTVFKVALKRVSALREICLLKELKKNIVRLHDVTLVFEFCD_QDLKKYFDSFCHSRNVLHRDLKPQNLLILADFGLA,1
Q00536,PCTAIRE1,210,7273,5g6v,A,,Human,2.2,8.5,0,11,out,in,919,278,0,0,DKLGEGTYATVYKVALKEITAIREVSLLKDLKANIVTLHDITLVFEYLD_KDLKQYLDDYCHRQKVLHRDLKPQNLLILADFGLA,1
Q01973,ROR1,455,11944,6tu9,A,,Human,1.94,7.2,0,31,out,in,0LI,136,0,0,EELGECAFGKIYKVAIKTLEFQQEASLMAELHPNIVCLLGACMLFEYINQGDLHEFLIMYLSSHFFVHKDLAARNILIISDLGLS,0
Q01974,ROR2,456,408,4gt4,B,B,Human,2.41,7.6,0,26,out-like,out,0,0,0,0,EELGEDRFGKVYKVAIKTLEFRHEAMLRARLQPNVVCLLGVSMIFSYCSHGDLHEFLVMYLSSHHVVHKDLATRNVLVISDLGLF,0
Q02750,MAP2K1,383,3278,3zlw,A,,Human,2.12,9.7,0,3,in,out,MT8,1006,0,0,SELGAANGGVVFKMARKLIQIIRELQVLHECNPYIVGFYGASICMEHMDGGSLDQVLKKLREKHKIMHRDVKPSNILVLCDFGVS,0
Q02763,TIE2,477,5551,1fvr,A,,Human,2.2,8.0,0,0,out-like,out,0,0,0,0,DVIGEGNFGQVLKAAIKRMDFAGELEVLCKLGPNIINLLGAYLAIEYAPHGNLLDFLRKYLSQKQFIHRDLAARNILVIADFGLS,0
Q04771,ALK2,516,11630,6srh,A,B,Human,1.25,9.6,0,4,in,in,LU8,3514,0,0,ECVGKGRYGEVWRVAVKIFSWFRETELYNTVMENILGFIASWLITHYHEMGSLYDYLQLTQGKPAIAHRDLKSKNILVIADLGLA,0
Q04912,RON,447,15346,8zkd,A,B,Human,2.05,8.0,0,0,in,out,ANP,64,0,0,RVIGKGHFGVVYHCAIKSLAFLREGLLMRGLNPNVLALIGIHVLLPYMCHGDLLQFIRSYLAEQKFVHRDLAARNCMLVADFGLA,0
Q05397,FAK,425,229,4k9y,A,C,Human,2.0,8.4,0,8,out,in,K9Y,88,0,0,RCIGEGQFGDVHQVAIKTCKFLQEALTMRQFDPHIVKLIGVWIIMELCTLGELRSFLQVYLESKRFVHRDIAARNVLVLGDFGLS,0
Q05823,RNAseL,303,466,4oav,D,,Human,2.1,8.0,0,0,in,in,ACP,160,PUP,159,YKIADTSEGGIYLVAVKTFRAQREVSCLQSSRSHLVTFYGSFVCVTLCEQ_TLEACLDVLHLSCGYTHQDLQPQNILILADFDKS,1
Q06187,BTK,473,12020,6tfp,B,,Human,2.0,9.8,0,2,in,out,N6Z,3619,0,0,KELGTGQFGVVKYVAIKMIEFIEEAKVMMNLSEKLVQLYGVFIITEYMANGCLLNYLREYLESKQFLHRDLAARNCLVVSDFGLS,0
Q07912,ACK,394,13290,6vqm,B,,Human,2.87,9.0,0,10,in,in,R7P,3928,0,0,EKLGDGSFGVVRRVAVKCLDFIREVNAMHSLDRNLIRLYGVKMVTELAPLGSLLDRLRKYLESKRFIHRDLAARNLLLIGDFGLM,0
Q08345,DDR1,404,10760,6brj,A,,Human,2.23,9.6,0,4,out-like,in,VX6,49,0,0,EKLGEGQFGEVHLVAVKILDFLKEVKIMSRLKPNIIRLLGVCMITDYMENGDLNQFLSAYLATLNFVHRDLATRNCLVIADFGMS,0
Q08881,ITK,474,25,4l7s,B,B,Human,2.03,9.0,0,10,in,in,G7K,20,0,0,QEIGSGQFGLVHLVAIKTIDFIEEAEVMMKLSPKLVQLYGVCLVFEFMEHGCLSDYLRTYLEEACVIHRDLAARNCLVVSDFGMT,0
Q09013,DMPK1,5,1901,2vd5,A,,Human,2.8,9.4,0,6,in,in,BI8,505,0,0,KVIGRGAFSEVAVYAMKIMCFREERDVLVNGDRWITQLHFAYLVMEYYVGGDLLTLLSKSVHRLGYVHRDIKPDNILLLADFGSC,0
Q12852,DLK,498,6157,5cen,A,A,Human,1.7,8.0,0,0,in,in,0,0,0,0,QWVGSGAQGAVFLVAVKKVLKETDIKHLRKLKPNIITFKGVCILMEFCAQGQLYEVLRAYLHLHKIIHRDLKSPNMLIISDFGTS,0
Q12866,MER,400,276,3bpr,C,B,Human,2.8,9.3,0,7,in,out,OLP,96,0,0,KILGEGEFGSVMEVAVKTMEFLSEAACMKDFSPNVIRLLGVMVILPFMKYGDLHTYLLYYLSNRNFLHRDLAARNCMLVADFGLS,0
Q13131,AMPKa1,117,10714,6c9h,A,,Human,2.65,8.0,0,0,in,out,STU,28,R34,3269,DTLGVGTFGKVKVVAVKILKIRREIQNLKLFRPHIIKLYQVFMVMEYVSGGELFDYICKYCHRHMVVHRDLKPENVLLIADFGLS,0
Q13153,PAK1,367,172,2hy8,1,,Human,2.0,9.6,0,4,in,in,1ST,66,0,0,EKIGQGASGTVYTVAIRQMLIINEILVMRENKPNIVNYLDSWVVMEYLAGGSLTDVVTEFLHSNQVIHRDIKSDNILLLTDFGFC,0
Q13164,Erk5,243,6584,4zsg,A,B,Human,1.79,9.8,0,2,in,in,4QX,2092,0,0,ETIGNGAYGVVSSVAIKKIRTLRELKILKHFKDNIIAIKDIYVVLDLME_SDLHQIIHSYMHSAQVIHRDLKPSNLLVIGDFGMA,1
Q13188,MST2,363,1428,4lgd,B,,Human,3.05,8.0,0,0,in,in,ANP,64,0,0,EKLGEGSYGSVFKVAIKQVEIIKEISIMQQCDPYVVKYYGSWIVMEYCGAGSVSDIIRLYLHFMRKIHRNIKAGNILLLADFGVA,0
Q13308,CCK4,401,12291,6vg3,C,,Human,1.95,7.2,0,0,out,in,0,0,0,0,TTLGKSEFGEVFLVLVKSLDFRRELEMFGKLNANVVRLLGLYMVLEYVDLGDLKQFLRIHLSNNRFVHKDLAARNCLVVSALGLS,0
Q13315,ATM,94,9268,5np1,A,,Human,0.0,8.3,0,9,in,in,0,0,0,0,LAGGVNLPKIIDCQLVKGRDLRQDAVMQQVFQLTICTYKVVSGVLEWCTTVPIGEFLVNVGYI__LGLGDRHVQNILIHIDLGVA,2
Q13418,ILK,497,4604,3rep,A,,Human,1.8,7.6,0,0,out-like,out,ATP,63,0,0,TKLNENHSGELWKIVVKVLDFNEECPRLRIFSPNVLPVLGATLITHWMPYGSLYNVLHEHTLEPLIPRHALNSRSVMIISMADVK,0
Q13464,ROCK1,9,2694,2v55,A,,Human,3.7,9.7,0,3,in,in,ANP,64,0,0,KVIGRGAFGEVQLYAMKLLFFWEERDIMAFANPWVVQLFYAYMVMEYMPGGDLVNLMSNAIHSMGFIHRDVKPDNMLLLADFGTC,0
Q13523,PRP4,236,9775,6cnh,A,B,Human,2.0,8.0,3,8,out,in,919,278,0,0,GYTGQGVFSNVVRVAVKIITGLKELEFLKKLNFHCLRLLRHCLVFEPLS_MNLREVLKKLLKRCNILHADIKPDNILVLCDF___,4
Q13535,ATR,95,9523,5yz0,A,,Human,0.0,8.3,0,9,in,in,0,0,0,0,LASLQKPKKISLKMMCKPKDLRKDCRLMEFNSLHIRTYAVICGIIEWVNTAGLRPILTKVGYI__LGLGDRHGENILFHVDFNCL,2
Q13546,RIPK1,511,565,4itj,B,A,Human,1.8,9.1,0,5,out,out,1HX,168,0,0,AELDSGGFGKVSLMIMKTVALLEEAKMMNRLRSRVVKLLGVSLVMEYMEKGNLMHVLKAYLHGKGVIHKDLKPENILVIADLGLA,0
Q13554,CaMK2b,114,1506,3bhh,B,,Human,2.4,6.8,3,21,in,in,5CP,359,0,0,EDIGK___SVVRRYAAKIIKLEREARICRLLKSNIVRLHDSYLVFDLVTGGELFEDIVAHCHQMGVVHRDLKPENLLLLADFGLA,3
Q13557,CaMK2d,115,2136,2wel,A,C,Human,1.9,9.4,0,6,in,in,K88,592,0,0,EELGKGAFSVVRRYAAKIIKLEREARICRLLKPNIVRLHDSYLVFDLVTGGELFEDIVAHCHLNGIVHRDLKPENLLLLADFGLA,0
Q13705,ACTR2B,524,2940,2qlu,A,,Human,2.0,8.0,0,0,in,in,ADE,874,0,0,EIKARGRFGCVWKVAVKIFSWQSEREIFSTPGENLLQFIAAWLITAFHDKGSLTDYLKGEGHKPSIAHRDFKSKNVLLLADFGLA,0
Q13873,BMPR2,526,13794,6unp,A,B,Human,2.3,7.6,1,0,in,in,ADP,26,ADP,26,ELIGRGRYGAVYKVAVKVFNFINEKNIYRVPLDNIARFIVGLLVMEYYPNGSL_KYLSLDHYKPAISHRDLNSRNVLVISDFGLS,1
Q13882,BRK,468,6951,5d7v,B,B,Human,2.33,9.7,0,3,in,out,0,0,0,0,RKLGSGYFGEVFEVAIKVIMLQSEIQAMKKLRKHILALYAVYIITELMAKGSLLELLRDYLESQNYIHRDLAARNILVVGDFGLA,0
Q14012,CaMK1a,109,4847,4fgb,A,,Human,2.6,8.5,0,15,in,out,0,0,0,0,DVLGTGAFSEVILVAIKCISMENEIAVLHKIKPNIVALDDIYLIMQLVSGGELFDRIVEYLHDLGIVHRDLKPENLLYISDFGLS,0
Q14289,PYK2,424,92,3cc6,A,B,Human,1.6,8.0,0,0,in,in,0,0,0,0,RILGEGFFGEVYEVAVKTCKFMSEAVIMKNLDPHIVKLIGIWIIMELYPYGELGHYLERYLESINCVHRDIAVRNILVLGDFGLS,0
Q14680,MELK,128,2492,4d2v,C,B,Human,2.45,9.7,0,3,in,in,45R,740,0,0,ETIGTGGFAKVKLVAIKIMRIKTEIEALKNLRQHICQLYHVFMVLEYCPGGELFDYIISYVHSQGYAHRDLKPENLLFLIDFGLC,0
Q15208,NDR1,24,10325,6bxi,B,,Human,2.2,9.6,0,4,out-like,out,ANP,64,0,0,KVIGRGAFGEVRLYAMKILHIRAERDILVEADLWVVKMFYSYLIMEFLPGGDMMTLLMKSIHQLGFIHRDIKPDNLLLLSDFGLC,0
Q15303,ErbB4,409,2818,2r4b,B,A,Human,2.4,9.2,0,8,in,out,GW7,846,0,0,KVLGSGAFGTVYKVAIKILEFMDEALIMASMDPHLVRLLGVQLVTQLMPHGCLLEYVHEYLEERRLVHRDLAARNVLVITDFGLA,0
Q15349,RSK1,53,15216,8xov,A,,Human,2.55,6.8,3,0,in,out,ANP,64,0,0,KVLGQGSFGKVFLYAMKVL___MERDILADVNPFVVKLHYAYLILDFLRGGDLFTRLSKHLHSLGIIYRDLKPENILLLTDFGLS,3
Q15375,EphA7,415,13791,7eed,A,,Human,3.05,8.0,0,0,in,in,0,0,0,0,RVIGAGEFGEVCSVAIKTLDFLCEASIMGQFDPNVVHLEGVMIVIEFMENGALDAFLRKYLAHMGYVHRDLAARNILVVSDFGLS,0
Q15418,RSK3,54,2777,2z7r,A,,Human,2.0,4.8,7,0,in,na,STU,28,0,0,KVLGQGSFGKVFLYAMKVL_______ILADVNPFVVKLHYAYLILDFLRGGDLFTRLSKHLHSLGIIYRDLKPENILLLTDFGLS,7
Q15759,p38b,250,2765,3gc9,A,,Human,2.05,8.0,0,0,in,in,B45,832,0,0,RPVGSGAYGSVCSVAVKKLRTYRELRLLKHLKENVIGLLDVYLVTTLMG_ADLNNIVKSYIHSAGIIHRDLKPSNVAVILDFGLA,1
Q15831,LKB1,123,1868,2wtk,C,,Human,2.65,8.0,0,0,in,in,ANP,64,0,0,DLLGEGSYGKVKERAVKILNVKKEIQLLRRLRKNVIQLVDVYMVMEYCVCGMQEMLDSVYLHSQGIVHKDIKPGNLLLISALGVA,0
Q16288,TRKC,482,11696,6kzc,A,,Human,2.0,8.0,0,12,out,in,DZC,3536,0,0,RELGEGAFGKVFLVAVKALDFQREAELLTNLQEHIVKFYGVIMVFEYMKHGDLNKFLRAYLASQHFVHRDLATRNCLVIGDFGMS,0
Q16539,p38a,249,11614,6sfj,A,A,Human,1.95,9.7,0,3,out,in,LBB,3506,0,0,SPVGSGAYGSVCAVAVKKLRTYRELRLLKHMKENVIGLLDVYLVTHLMG_ADLNNIVKCYIHSADIIHRDLKPSNLAVILDFGLA,1
Q16566,CaMK4,108,2687,2w4o,A,,Human,2.17,4.0,7,36,in,na,DKI,50,0,0,SELGRGATSIVYRYALKVL_____IGVLLRLSPNIIKLKEISLVLELVTGGELFDRIVEYLHENGIVHRDLKPENLLYIADFG__,7
Q16620,TRKB,481,3600,4at3,A,,Human,1.77,8.0,0,0,in,out,LTI,1095,0,0,RELGEGAFGKVFLVAVKTLDFHREAELLTNLQEHIVKFYGVIMVFEYMKHGDLNKFLRAYLASQHFVHRDLATRNCLVIGDFGMS,0
Q16644,MAPKAPK3,148,4590,3fhr,A,A,Human,1.9,8.0,0,0,in,in,P4O,322,0,0,QVLGLGVNGKVLECALKLLKARQEVDHHWQASPHIVCILDVLIIMECMEGGELFSRIQEFLHSHNIAHRDVKPENLLYLTDFGFA,0
Q16659,Erk3,242,12788,6yky,A,A,Human,2.52,9.2,0,8,out-like,in,OWQ,3826,0,0,KPLGCGGNGLVFSVAIKKIHALREIKIIRRLDDNIVKVFEIYIVQEYME_TDLANVLEQYIHSANVLHRDLKPANLFIIGDFGLA,1
Q16816,PHKg1,158,15264,8xyb,C,,Human,3.1,8.0,0,0,in,in,0,0,0,0,EILGRGVSSVVRRYAVKVIATLKEVDILRKVSPNIIQLKDTFLVFDLMKRGELFDYLTETLHKLNIVHRDLKPENILLLTDFGFS,0
Q16832,DDR2,405,10725,6fer,K,,Human,2.87,7.6,0,0,out,out,D6Q,3275,0,0,EKLGEGQFGEVHLVAVKMLDFLKEIKIMSRLKPNIIHLLAVCMITEYMENGDLNQFLSRYLSSLNFVHRDLATRNCLVIADFGMS,0
Q2M2I8,AAK1,277,6677,5l4q,A,B,Human,1.97,9.7,0,3,in,in,LKB,2124,0,0,EVLAEGGFAIVFLCALKRMVCKREIQIMRDLSKNIVGYIDSLILMDFCRGGQVVNLMNQHQCKTPIIHRDLKVENILLLCDFGSA,0
Q38SD2,LRRK1,494,14881,8e06,A,,Human,4.3,4.0,0,0,out-like,out,0,0,0,0,GGHLGVVKLLAIKSLALITEANVLRKLDPEIIRLLGFQLITELMPLGALMDEYERRYVHRDLAGRDVLVISDFGVA,0
Q59H18,HH498,496,6059,4yfi,A,A,Human,2.7,9.9,0,1,in,in,4CW,1870,0,0,EIIGSGSFGKVYKVAIKRYMFCREVSILCQLNPCVIQFVGAAIVTQYISGGSLFSLLHEHNLTQPIIHRDLNSHNILLVADFGES,0
Q5S007,LRRK2,495,15184,8u7l,A,,Human,3.6,5.2,0,8,out-like,out,0,0,T3X,4595,LIIGKGDFGKVELSALKVVDIIRLILDYLVVGRLLQLVRE,0
Q5TCX8,MLK4,503,6126,4uya,A,,Human,2.8,5.2,7,52,in,out,AGS,38,0,0,ELIGAG___QVYRVAVK__SVRREARLFAMLRPNIIELRGVCLVLEFARGGALNRALA_EEAFVPILHRDLKSSNILLITDFG_A,7
Q5TCY1,TTBK1,191,770,4nfn,A,B,Human,1.42,9.2,0,8,in,in,2KC,214,0,0,KKIGGGGFGEIYEVALKVEVLKMEVAVLKKLQDHVCRFIGCYVVMQLQG_RNLADLRRSAIHSVGFLHRDIKPSNFAMMLDFGLA,1
Q6IQ55,TTBK2,192,14138,7q8y,A,B,Human,1.6,9.6,0,4,in,in,9IV,4206,0,0,RKIGGGGFGEIYDVALKVEVLKMEVAVLKKLQDHVCRFIGCYVVMQLQG_RNLADLRRSSIHSVGFLHRDIKPSNFAMMLDFGLA,1
Q6PHR2,ULK3,330,10390,6fdz,U,,Human,2.55,8.0,0,21,out,out,C87,3180,0,0,ERLGSGTYATVYKVAIKCVNLLTEIEILKGIRPHIVQLKDFYLIMEFCAGGDLSRFIHTFLHERNISHLDLKPQNILLLADFGFA,0
Q6VAB6,KSR2,507,1244,2y4i,B,,Human,3.46,9.4,0,6,in,out,ATP,63,0,0,ELIGKGRFGQVYHVAIRLIAFKREVMAYRQTRENVVLFMGAAIITSLCKGRTLYSVVRDYLHAKGILHKDLKSKNVFYITDFGLF,0
Q7KZI7,MARK2,124,6410,5eak,A,,Human,2.8,8.0,0,0,in,in,24R,2013,0,0,KTIGKGNFAKVKLVAVKIIKLFREVRIMKVLNPNIVKLFEVYLVMEYASGGEVFDYLVAYCHQKFIVHRDLKAENLLLIADFGFS,0
Q7RTN6,STLK5,376,3486,3gni,B,,Human,2.35,8.0,0,0,in,in,ATP,63,0,0,TVIGKGFEDLMTVVTVRRIFLQGELHVSKLFNPNIVPYRATWVVTSFMAYGSAKDLICTYIHHMGYVHRSVKASHILILSGLRSN,0
Q86UE8,TLK2,324,9943,5o0y,A,,Human,2.86,8.0,0,0,in,in,AGS,38,0,0,HLLGRGGFSEVYKVAVKIHHACREYRIHKELDPRIVKLYDYCTVLEYCEGNDLDFYLKQNEIKPPIIHYDLKPGNILLITDFGLS,0
Q86Y07,VRK2,194,7499,5uu1,A,,Human,2.0,8.2,0,18,in,in,7DZ,2277,0,0,KKIGSGGFGLIYLHVVKVEPLFSELKFYQRVALGIPLFYGSFMVMERLG_IDLQKISGQYIHENEYVHGDIKAANLLLLADYGLS,1
Q86YV5,SgK223,297,8573,5ve6,A,,Human,2.95,1.2,22,0,out,na,0,0,0,0,SVPVHFNIQQDCGSMLSAQ______________________VITREVPHQTASDFVRDSHLKEHGIIHRDLCLENLLLPRLIISN,22
Q86YV6,SgK085,157,4866,2x4f,B,A,Human,2.67,8.7,2,5,in,in,16X,1512,0,0,EILGGG__GQVHKLAAKIIEVKNEISVMNQLDANLIQLYDAVLVMEYVDGGELFDRIIDHMHQMYILHLDLKPENILCIIDFGLA,2
Q8IU85,CaMK1d,110,11939,6t6f,A,A,Human,1.97,9.4,0,6,in,out,MMW,3601,0,0,ETLGTGAFSEVVLFAVKCISIENEIAVLRKIKENIVALEDIYLVMQLVSGGELFDRIVEYLHRMGIVHRDLKPENLLYISDFGLS,0
Q8IV63,VRK3,195,2936,2jii,B,A,Human,2.0,8.0,0,4,in,out,0,0,0,0,SFQTRDNQGILYEFSLKLDLQVNKWKKLYSTPLAIPTCMGFFLVLPSLG_RSLQSALDVFLHENEYVHGNVTAENIFVLAGYGFA,1
Q8IVT5,KSR1,506,12855,7juw,B,,Human,2.88,8.0,0,0,in,out,ANP,64,0,0,EPIGQGRWGRVHRVAIRLLLFKKEVMNYRQTRENVVLFMGAAIITSFCKGRTLHSFVRDYLHAKGIVHKDLKSKNVFYITDFGLF,0
Q8IVW4,CDKL3,219,4677,3zdu,A,,Human,2.2,8.5,0,15,in,in,38R,341,0,0,GKVGEGSYGTVMKVAIKIFIAMREIKFLKQFHENLVNLIEVHLVFEFID_HTVLDELQHYLHSNNIIHRDIKPENILVLCDFGFA,1
Q8IYT8,ULK2,329,11229,6qau,C,A,Human,2.48,8.8,0,12,in,in,1FV,174,0,0,DLVGHGAFAVVFRVAIKSILLGKEIKILKELQENIVALYDVFLVMEYCNGGDLADYLQAILHSKGIIHRDLKPQNILLIADFGFA,0
Q8N2I9,SgK495,169,8014,5l2q,A,B,Human,2.53,4.0,0,35,out-like,out,0,0,0,0,___________________GNNAKRAGPFILGEEIESQEERFSDKTADLNLQHYVIKEKALHQKNIVHRDLKLGNMVLITNFCLG,19
Q8N5S9,CaMKK1,266,9708,6cd6,D,B,Human,2.2,7.7,0,7,out,in,DXV,2958,0,0,QSEIGKGAYGVVRHYAMKVERVYQEIAILKKLHVNVVKLIENLYLVFDLRKGPVMEVPCEYLHCQKIVHRDIKPSNLLKIADFGV,0
Q8NB16,MLKL,528,13980,7mon,A,,Human,2.23,9.2,0,4,in,out,ZL1,4144,0,0,ILLRENEVSTLYKVAIKVFTFNKEIKTMKKFEPNILRIFGISIVMEYCELGTLRELLDRHHSEAPELHGKIRSSNFLVLAGFELR,0
Q8NEB9,PIK3C3,1088,9349,5anl,A,,Human,2.7,9.6,0,4,in,in,RBQ,2882,0,0,ATLFKSALMPAQLVIFKHGDLRQDQLILQIISLKLTPYKVLHGFMQFIQSVPVAEVLDTITYI__LGVGDRHLDNLLLHIDFGYI,2
Q8NI60,ADCK3,70,14588,7udq,A,,Human,1.9,7.6,0,0,in,in,MVS,4393,0,0,RPFAAASIGQVHLVAMKIQDYQREAACARKFRFYVPEIVDEVLTTELVSGFPLDQAEGLELFEFHFMQTDPNWSNFFYLLDFGAT,0
Q8TCG2,PI4K2B,1091,9095,4wtv,A,A,Human,1.9,8.9,0,7,out-like,in,ATP,63,0,0,ERISQGSSGSYFVGVFKPKGYLSEAGAYLVDNSIVPKTKVVGSFQLFVEYKEAEYWLRKLDYI__IRNTDRGNDNWLVAIDNGLA,2
Q8TDX7,NEK7,289,12356,6s75,A,,Human,3.3,8.0,0,97,out-like,out,F9N,3175,0,0,KKIGRGQFSEVYRVALKKVDCIKEIDLLKQLNPNVIKYYASNIVLELADAGDLSRMIKHHMHSRRVMHRDIKPANVFILGDLGLG,0
Q8TF76,Haspin,268,3813,3f2n,A,B,Human,1.8,9.9,0,1,in,in,IZZ,1154,0,0,EKIGEGVFGEVFQVAIKIIEILPEIIISKELSEGFIGLNSVVLEFEFGG_IDLEQMRTKAEASLRFEHRDLHWGNVLLIIDYTLS,1
Q8WU08,YANK1,68,4687,4fr4,D,B,Human,2.29,9.7,0,3,in,in,STU,28,0,0,RAIGKGSFGKVCIYAMKYMNVFKELQIMQGLEPFLVNLWYSFMVVDLLLGGDLRYHLQQYLQNQRIIHRDMKPDNILLITDFNIA,0
Q8WZ42,TTN,154,126,1tki,B,,Human,2.0,8.0,0,0,in,in,0,0,0,0,EDLGRGEFGIVHRYMAKFVLVKKEISILNIARRNILHLHESVMIFEFISGLDIFERINTFLHSHNIGHFDIRPENIIYIIEFGQA,0
Q92519,Trb2,171,14365,7upm,A,,Human,2.7,7.2,0,0,in,in,0,0,0,0,LLLEPLEGDHVFRLVCKVFYQESLAPCFCLSASNINQITEIYVFFERSY_GDMHSFVRTHCHDGGLVLRDLKLRKFIFVKLESLE,1
Q92772,CDKL2,218,962,4aaa,A,B,Human,1.53,9.1,0,9,in,out,DKI,50,0,0,GLVGEGSYGMVMKVAIKKFIAMREIKLLKQLRENLVNLLEVYLVFEFVD_HTILDDLELFCHSHNIIHRDIKPENILVLCDFGFA,1
Q92918,HPK1,358,14691,8fjz,A,,Human,1.897,9.4,0,6,in,in,Y3I,4440,0,0,QRLGGGTYGEVFKVALKMVTLQKEILILKTCRANIVAYHGSWICMEFCGAGSLQDIYQVYLHSQKKIHRDIKGANILILADFGIS,0
Q96C45,ULK4,331,11904,6tsz,U,,Human,1.9,9.0,0,10,in,in,AGS,38,0,0,EEIGRGSKTVVYKVAILCTEITNWVRLTREIKKNIVTFHEWWLVVELCTGGSLKTVIAQHLHKLGILFCDISPRKILLFSNFCLA,0
Q96GD4,AurB,261,407,4af3,A,,Human,2.75,7.0,2,18,out-like,in,VX6,49,0,0,RPLGKGKFGNVYLVALKVLQLRREIEIQAHLHPNILRLYNYYLILEYAPRGELYKELQKYCHGKKVIHRDIKPENLLLIADFG__,2
Q96GX5,MASTL,22,7087,5loh,B,B,Human,3.1,4.0,9,23,in,na,STU,28,0,0,KPISRGAFGKVYLYAVKVV_________ALSKPFIVHLYYSYLVMEYLIGGDVKSLLHIYLHRHGIIHRDLKPDNMLILTDFGLG,9
Q96KB5,PBK,325,7083,5j0a,A,,Human,2.74,4.0,0,0,in,out,0,0,HC4,2258,QKLGFGTGVNVYLWAVKKIRLMDEAKILKSLHPNIVGYRAFCLAMEYGGEKSLNDLIEELHQEKKLLHGDIKSSNVVIICDVGVS,0
Q96L34,MARK4,127,6260,5es1,A,,Human,2.8,8.0,0,49,in,in,5RC,1939,0,0,RTIGKGNFAKVKLVAIKIIKLFREVRIMKGLNPNIVKLFEVYLVMEYASAGEVFDYLVSYCHQKNIVHRDLKAENLLLIADFGFS,0
Q96NX5,CaMK1g,111,1218,2jam,A,A,Human,1.7,9.5,0,5,in,out,J60,158,0,0,EVLGSGAFSEVFLFALKCISLENEIAVLKKIKENIVTLEDIYLVMQLVSGGELFDRILEYLHENGIVHRDLKPENLLYITDFGLS,0
Q96PY6,NEK1,281,1209,4b9d,B,B,Human,1.9,6.7,5,13,out-like,out,CK7,316,0,0,QKIG_____KAILYVIKEIESRREVAVLANMKPNIVQYRESYIVMDYCEGGDLFKRINAHVHDRKILHRDIKSQNIFLLGDFGIA,5
Q96Q04,LMR3,445,12994,6seq,A,A,Human,2.1,6.8,0,20,out,in,0,0,0,0,QEIGSGWFGKVILVVVKELKFISEAQPYRSLQPNVLQCLGLLLIMEFCQLGDLKRYLRAHLHSHNYVHSDLALRNCLLIGDYGLA,0
Q96Q15,SMG1,98,14005,7pw7,A,,Human,3.59,7.2,0,0,in,in,88C,4154,IHP,2476,LPTKTKPKKLLFLYLFKGLDLHLDERIMQFLSFHARHYSVTSGLIQWVDATPLFGLYKRVGYI__IGLGDRHLDNVLIHIDYNVC,2
Q96RG2,PASK,132,3377,3dls,C,,Human,2.3,8.0,0,0,in,in,ADP,26,0,0,SPLGSGAFGFVWTVVVKFIKVTLEIAILSRVEANIIKVLDIQLVMEKHGSGLDLFAFIDYLRLKDIIHRDIKDENIVILIDFGSA,0
Q96RR4,CaMKK2,265,7559,5uyj,A,B,Human,1.6,9.6,0,4,in,in,8R7,2449,0,0,DEIGKGSYGVVKLYAMKVLQVYQEIAILKKLDPNVVKLVEVYMVFELVNQGPVMEVPTLYLHYQKIIHRDIKPSNLLVIADFGVS,0
Q96RU8,Trb1,170,10622,6dc0,A,A,Human,2.8,6.8,0,0,in,in,0,0,0,0,LLLPLAEREHVSRLRCKVFYQDKIRPYIQLPSSNITGIVEVYVFFEKDF_GDMHSYVRSHCHQSAIVLGDLKLRKFVFLRLESLE,1
Q96S44,PRPK,264,14559,7szc,A,,Human,1.71,8.0,0,0,in,in,DO0,4383,0,0,ELVKQGAEARVFRAVIKHRRTVQEARALLRCRAGISAPVVFCLYMEEIE_GSVTVRDYIRMHDEDLIHGDLTTSNMLLLIDFGLS,1
Q96SB4,SRPK1,256,9466,5my8,A,A,Human,1.7,8.0,0,0,in,in,RXZ,2454,0,0,RKLGWGHFSTVWLVAMKVVTALDEIRLLKSVREMVVQLLDDCMVFEVLG_HHLLKWIIKLHTKCRIIHTDIKPENILLIADLGNA,1
Q99558,NIK,391,12449,6z1q,B,B,Human,2.42,9.4,0,6,in,in,Q58,3734,0,0,LRLGRGSFGEVHRCAVKKVFRAEELMACAGLTPRIVPLYGANIFMELLEGGSLGQLVKEYLHSRRILHGDVKADNVLLLCDFGHA,0
Q99570,PIK3R4,332,13360,7bl1,C,,Human,9.8,4.0,0,261,out-like,out,0,0,0,0,EKVGKGMFGELKRLAVKIEELKQEIALKDLGPLVILVSVELILEYLSNDSVAEALRTFLGLLHEMVKPENILLLSDFGLQ,0
Q99640,MYT1,334,14296,8d6c,A,,Human,2.2,9.7,0,3,in,in,QGR,4270,0,0,SRLGHGSYGEVFKYAVKRSRKLAEVGSHEKVGPCCVRLEQAYLQTELC_GPSLQQHCEAHLHSQGLVHLDVKPANIFLLGDFGLL,1
Q99683,MAP3K5,345,4754,4bhn,A,A,Human,2.3,9.9,0,1,in,in,BH9,1469,0,0,VVLGKGTYGIVYAIAIKEIPLHEEIALHKHLKKNIVQYLGSKIFMEQVPGGSLSALLRSYLHDNQIVHRDIKGDNVLIISDFGTS,0
Q99986,VRK1,193,9082,6bru,A,B,Human,1.8,9.6,0,4,in,in,0,0,0,0,LPIGQGGFGCIYLCVVKVEPLFTELKFYQRAALGVPKYWGSFMIMDRFG_SDLQKIYEAYIHEHEYVHGDIKASNLLLLVDYGLA,1
Q9BRS2,RIOK1,100,13012,6zxg,z,,Human,2.6,9.3,0,3,in,in,ATP,63,0,0,GCISTGKEANVYHRAIKIYWAEKEMRNLIRLNIPCPEPIMLVLVMSFIGAPLLKNVQLSMYQDARLVHADLSEFNMLYIIDVSQS,0
Q9BTU6,PI4K2A,1089,9258,4yc4,A,,Human,2.58,8.5,0,11,in,in,M59,2879,ADP,26,ERIYQGSSGSYFVAVFKPKGYLSEAGASLVDQNIVPRTKVVGSFQLFVEYKDADYWLRRLDYI__IRNTDRGNDNWLIAIDNGLA,2
Q9BUB5,MNK1,152,2084,2hw6,A,,Human,2.5,7.2,0,0,out,in,0,0,0,0,ELLGEGAYAKVQGYAVKIIRVFREVETLYQCQKNILELIEFYLVFEKLQGGSILAHIQKFLHTKGIAHRDLKPENILCICDFDLG,0
Q9BVS4,RIOK2,101,10631,6hk6,I,,Human,2.35,9.4,0,2,in,in,G8H,3254,0,0,NQMGVGKESDIYIFALKLHSAMKEFAYMKALYFPVPKPIDYAVVMELINGYPLCQIHHVLANHG_LIHGDFNEFNLILMIDFPQM,1
Q9BYP7,Wnk3,338,14631,8edh,A,,Human,3.111,9.4,0,6,in,out,WGK,4412,0,0,IELGRGAFKTVYKVAWCELRFKEEAEMLKGLQPNIVRFYDSVLVTELMTSGTLKTYLKRHTRTPPIIHRDLKCDNIFIIGDLGLA,0
Q9H2G2,SLK,374,10624,6hvd,A,B,Human,1.63,8.7,0,13,in,in,GUQ,3251,0,0,GELGDGAFGKVYKAAAKVIDYMVEIDILASCDPNIVKLLDAWILIEFCAGGAVDAVMLEYLHDNKIIHRDLKAGNILFLADFGVS,0
Q9H2K8,TAO3,378,11003,6bdn,A,B,Human,1.5,8.0,0,0,in,in,ADP,26,0,0,HEIGHGSFGAVYFVAIKKMDILKEVKFLRQLKPNTIEYKGCWLVMEYCLGSASDLLEVHYLHSHALIHRDIKAGNILLLADFGSA,0
Q9H4A3,Wnk1,336,8320,5we8,B,B,Human,2.01,8.0,0,0,in,out,ANP,64,0,0,IEIGRGSFKTVYKVAWCELRFKEEAEMLKGLQPNIVRFYDSVLVTELMTSGTLKTYLKRHTRTPPIIHRDLKCDNIFIIGDLGLA,0
Q9H4B4,PLK3,312,3797,4b6l,A,,Human,1.9,8.0,0,0,in,in,9ZP,1151,0,0,RLLGKGGFARCYEYAVKVIKILNEIELHRDLQRHIVRFSHHYIFLELCSRKSLAHIWKAYLHQRGILHRDLKLGNFFIVGDFGLA,0
Q9H6X2,DNAPK,96,14592,7z87,A,A,Human,2.91,6.8,0,0,in,in,1IX,4175,0,0,MASLRRPKRIIIRFLVKGGDLRQDQRVEQLFQLQLRTYSVVLGLIEWLEKDLLLNTMSQSHWI__LGIGDRHLNNFMVGIDFGHA,2
Q9H792,SgK269,296,9067,6bhc,A,B,Human,2.3,3.2,27,0,in,na,0,0,0,0,KPCCEAGDAVYYTYAVKIC_____S____HSLFNIQQDCGH__________________HLKPYHVTHCDLRLENLLLVSNFSQA,27
Q9HAZ1,CLK4,226,10510,6fyv,A,B,Human,2.46,8.0,0,0,in,in,3NG,1739,0,0,DTLGEGAFGKVVEVAVKIVAARSEIQVLEHLNFRCVQMLEWCIVFELLG_LSTYDFIKEFLHHNKLTHTDLKPENILFVVDFGSA,1
Q9HBH9,MNK2,151,11968,6jlr,A,,Human,2.9,8.6,0,14,out,out,BV9,3608,0,0,DVLGEGAHARVQTYAVKIIRVFREVEMLYQCQRNVLELIEFYLVFEKMRGGSILSHIHKFLHNKGIAHRDLKPENILCICDFDLG,0
Q9HCP0,CK1g1,190,5566,2cmw,A,B,Human,1.75,9.6,0,4,in,in,OLP,96,OLP,96,KKIGCGNFGELRLVAIKLEQLHLEYRFYKQLGEGLPQVYYFAMVLELLG_PSLEDLFDLYVHSKNLIYRDVKPENFLIIIDFGLA,1
Q9NRH2,SNRK,136,8660,5yks,A,,Human,2.9,8.7,0,5,in,out,0,0,0,0,QGPHMGHFAVVKLVAVKVIHLFQEVRCMKLVQPNIVRLYEVYLILELGDGGDMFDYIMKYCHKLHVVHRDLKPENVVFLTDFGFS,0
Q9NSY1,BIKE,278,6436,5i3r,B,,Human,2.4,9.6,0,4,in,in,IDK,2020,0,0,ESLAEGGFSTVFLCALKRMVCKREITIMKELSKNIVGYLDCLILMEYCRAGQVVNQMNKHQCKTPIIHRDLKVENILLLCDFGSA,0
Q9NWZ3,IRAK4,489,10893,6egf,B,,Human,2.61,9.2,0,8,in,out,ANP,64,0,0,NKMGEGGFGVVYKVAVKKLQFDQEIKVMAKCQENLVELLGFCLVYVYMPNGSLLDRLSCFLHENHHIHRNIKSANILLISDFGLA,0
Q9NYL2,ZAK,505,12166,6juu,A,B,Human,1.9,9.7,0,3,in,out,C9R,3675,0,0,ENCGGGSFGSVYRVAVKKLKIEKEAEILSVLSRNIIQFYGVGIVTEYASLGSLYDYINSMEAPVKVIHRDLKSRNVVIICDFGAS,0
Q9NYY3,PLK2,313,5559,4i5p,A,A,Human,1.74,8.0,0,0,in,in,1D1,1768,0,0,KTLGKGGFAKCYEYAAKIIKIDKEIELHRILHKHVVQFYHYYILLEYCSRRSMAHILKAYLHEQEILHRDLKLGNFFIVGDFGLA,0
Q9NZJ5,PEK,309,7242,4x7k,A,B,Human,1.8,8.8,0,4,out,out,3Z3,2307,0,0,QCLGRGGFGVVFEYAIKRIKVMREVKALAKLEPGIVRYFNAYIQMQLCRKENLKDWMNGFLHSKGLMHRNLKPSNIFFVGDFGLV,0
Q9P0L2,MARK1,125,261,2hak,H,,Human,2.6,9.0,0,6,in,in,0,0,0,0,KTIGKGNFAKVKLVAVKIIKLFREVRIMKILNPNIVKLFEVYLVMEYASGGEVFDYLVAYCHQKYIVHRDLKAENLLLIADFGFS,0
Q9P1W9,PIM2,161,7216,2iwi,B,,Human,2.8,8.0,0,29,in,in,HB1,2297,0,0,PLLGKGGFGTVFAVAIKVITCPLEVALLWKVGPGVIRLLDWMLVLERPLAQDLFDYITEHCHSRGVVHRDIKDENILILIDFGSG,0
Q9P289,MST4,382,1807,3ggf,A,A,Human,2.35,9.6,0,4,out-like,out,GVD,485,0,0,ERIGKGSFGEVFKVAIKIIDIQQEITVLSQCDSYVTKYYGSWIIMEYLGGGSALDLLRAYLHSEKKIHRDIKAANVLLLADFGVA,0
Q9P2K8,GCN2,306,15229,8t7t,A,A,Human,3.2,0.0,12,0,in,na,0,0,0,0,_LCTPLLNFHSLV___PNILRYEV__LLEC____NLAEIIYTLLHSQVILYREVEAKNLSLS__,12
Q9UBF8,PI4KB,1090,9139,4d0l,E,,Human,2.94,9.4,0,2,in,in,093,2567,0,0,VVLNSKDKAPYLIVIVKCGDLRQELLAFQVLKLWIKPYKILSGMIEPVVAVSIHQVKKQVCYL__LQVKDRHNGNILLHIDFGFI,2
Q9UEE5,DRAK1,144,14093,7quf,A,,Human,2.6,7.6,1,30,in,in,F8I,4190,0,0,RELGRGKFAVVRKFAAKFMEIIHEIAVLELAQPWVINLHEVILVLEYAAGGEIFDQCV_FLHTRDVVHLDLKPQNILLIVDFGLS,1
Q9UHD2,TBK1,272,10940,6nt9,A,,Human,0.0,8.0,0,0,in,out,0,0,0,0,DILGQGATANVFRFAIKVFVQMREFEVLKKLNKNIVKLFAIVLIMEFCPCGSLYTVLEEHLRENGIVHRNIKPGNIMRLTDFGGT,0
Q9UIK4,DAPK2,142,1115,2a2a,B,A,Human,1.47,8.0,0,0,in,in,0,0,0,0,EELGSGQFAIVKKYAAKFIEIEREVSILRQVLHNVITLHDVVLILELVSGGELFDFLAQYLHTKKIAHFDLKPENIMLLIDFGLA,0
Q9UK32,RSK4,56,11007,6g78,B,,Human,2.5,6.6,6,6,out-like,na,ANP,64,0,0,KVLGQGSFGKVFLYAMKVL______DILVEVNPFIVKLHYAYLILDFLRGGDVFTRLSKHLHQLGIVYRDLKPENILLLTDFGLS,6
Q9UKE5,TNIK,360,6887,5ax9,A,,Human,2.4,8.0,0,0,in,in,4KT,2188,0,0,ELVGNGTYGQVYKAAIKVMEIKQEINMLKKYSRNIATYYGAWLVMEFCGAGSVTDLIKNHLHQHKVIHRDIKGQNVLLLVDFGVS,0
Q9UM73,ALK,396,6392,4z55,A,B,Human,1.55,8.0,0,0,in,in,4LO,2005,0,0,RGLGHGAFGEVYEVAVKTLDFLMEALIISKFNQNIVRCIGVFILLELMAGGDLKSFLREYLEENHFIHRDIAARNCLLIGDFGMA,0
Q9UQM7,CaMK2a,113,13113,6xbp,A,,Human,2.25,9.8,0,2,in,in,UZD,3873,0,0,EELGKGAFSVVRRYAAKIIKLEREARICRLLKPNIVRLHDSYLIFDLVTGGELFEDIVAHCHQMGVVHRNLKPENLLLLADFGLA,0
Q9Y2K2,QSK,134,15169,8oku,A,,Human,3.1,8.0,0,0,in,in,VRU,4643,0,0,RTIGKGNFAVVKRVAIKIIKIFREVQIMKMLCPHIIRLYQVYLVTEYASGGEIFDHLVAFCHCRNIVHRDLKAENLLLIADFGFS,0
Q9Y4A5,TRRAP,99,14556,8h7g,A,,Human,3.7,3.6,1,0,out,in,0,0,0,0,VEAAGELAAEMAASIFGAPNGQASVIRVMNP_NTDLVQLEAVAVCRFSNYVLVGVAKDLVNNGEKLEFLHKTPVEEVPRVLIVGK,1
Q9Y572,RIPK3,513,13995,7mx3,A,,Human,3.23,7.6,1,0,in,in,ZOV,4152,0,0,ELVGKGG_GTVFRVAVKIVAISREVKAMASLDEFVLRLEGVALVTKFMENGSLSGLLQSHDQNPVLLHRDLKPSNVLLLADFGLS,1
Q9Y5S2,MRCKb,7,4859,3tku,B,,Human,2.15,9.4,0,6,in,in,M77,821,M77,821,KVIGRGAFGEVAVYAMKILCFREERDVLVNGDQWITALHYAYLVMDYYVGGDLLTLLSKSIHQLHYVHRDIKPDNVLLLADFGSC,0
Q9Y616,IRAK3,488,12770,6ruu,A,,Human,2.95,8.6,0,14,in,in,0,0,0,0,FLIGEGEIFEVYRYAVKLFRFLSELEVLLLFHPNILELAAYCLIYPYMRNGTLFDRLQCNVQPCSVICGSISSANILLLTDFAMA,0
Q9Y6E0,MST3,380,14872,8qls,A,A,Human,1.61,9.4,0,6,in,in,VYH,4511,0,0,EKIGKGSFGEVFKVAIKIIDIQQEITVLSQCDPYVTKYYGSWIIMEYLGGGSALDLLEPYLHSEKKIHRDIKAANVLLLADFGVA,0
Q9Y6M4,CK1g3,189,10002,6gro,A,A,Human,1.45,8.7,0,13,in,in,F92,3152,0,0,KKIGCGNFGELRLVAIKLEQLHLEYRFYKQLGDGIPQVYYFAMVLELLG_PSLEDLFDLYVHSKNLIYRDVKPENFLIIIDFALA,1
