uniprot_id,kinase_name,n_structures,consensus_85aa,mean_coverage,min_coverage,max_coverage,mean_entropy
P24941,CDK2,653,EKIGEGTYGVVYKVALKKITAIREISLLKELNPNIVKLLDVYLVFEFLH_QDLKKFMDAFCHSHRVLHRDLKPQNLLILADFGLA,642.3882352941176,0.0,653.0,0.0056264180221816396
P68400,CK2a1,593,RKLGRGKYSEVFEVVVKILKIKREIKILENLRPNIITLADIALVFEHVN_NTDFKQ__LYCHSMGIMHRDVKPHNVMILIDWGLA,570.3529411764706,0.0,593.0,0.007496955137433319
P00533,EGFR,565,KVLGSGAFGTVYKVAIKELEILDEAYVMASVDPHVCRLLGIQLIMQLMPFGCLLDYVREYLEDRRLVHRDLAARNVLVITDFGLA,561.1882352941177,515.0,565.0,0.07683929722140755
Q16539,p38a,348,SPVGSGAYGSVCAVAVKKLRTYRELRLLKHMKENVIGLLDVYLVTHLMG_ADLNNIVKCYIHSADIIHRDLKPSNLAVILDFGLA,333.2352941176471,0.0,348.0,0.023669186347023943
Q06187,BTK,264,KELGTGQFGVVKYVAIKMIEFIEEAKVMMNLSEKLVQLYGVFIITEYMANGCLLNYLREYLESKQFLHRDLAARNCLVVSDFGLS,261.7294117647059,239.0,264.0,0.0018964615467162496
P28482,Erk2,261,SYIGEGAYGMVCSVAIKKIRTLREIKILLRFRENIIGINDIYIVQDLME_TDLYKLLKTYIHSANVLHRDLKPSNLLLICDFGLA,257.0470588235294,0.0,261.0,0.0052312767676772785
O14757,CHK1,237,QTLGEGAYGEVQLVAVKIVNIKKEICINKMLNENVVKFYGHYLFLEYCSGGELFDRIEPYLHGIGITHRDIKPENLLLISDFGLA,233.63529411764705,163.0,237.0,0.09206184042607732
P15056,BRAF,220,QRIGSGSFGTVYKVAVKMLAFKNEVGVLRKTRVNILLFMGYAIVTQWCEGSSLYHHLHIYLHAKSIIHRDLKSNNIFLIGDFGLA,217.91764705882352,166.0,220.0,0.01879006780683708
P11362,FGFR1,216,KPLGEGAFGQVVLVAVKMLDLISEMEMMKMIGKNIINLLGAYVIVEYASKGNLREYLQAYLASKKCIHRDLAARNVLVIADFGLA,211.08235294117648,136.0,216.0,0.012122500884226997
Q99986,VRK1,209,LPIGQGGFGCIYLCVVKVEPLFTELKFYQRAALGVPKYWGSFMIMDRFG_SDLQKIYEAYIHEHEYVHGDIKASNLLLLVDYGLA,199.52941176470588,0.0,209.0,0.0
Q04771,ALK2,202,ECVGKGRYGEVWRVAVKIFSWFRETELYNTVMENILGFIASWLITHYHEMGSLYDYLQLTQGKPAIAHRDLKSKNILVIADLGLA,198.9764705882353,92.0,202.0,0.0
O14965,AurA,199,RPLGKGKFGNVYLLALKVLQLRREVEIQSHLRPNILRLYGYYLILEYAPLGTVYRELQKYCHSKRVIHRDIKPENLLLIADFGWS,196.88235294117646,163.0,199.0,0.01056088828190271
P11309,PIM1,188,PLLGSGGFGSVYSVAIKHVRVPMEVVLLKKVSSGVIRLLDWVLILERPEVQDLFDFITEHCHNCGVLHRDIKDENILILIDFGSG,187.31764705882352,176.0,188.0,0.002045591241426923
P08581,MET,162,EVIGRGHFGCVYHCAVKSLQFLTEGIIMKDFSPNVLSLLGILVVLPYMKHGDLRNFIRNYLASKKFVHRDLAARNCMLVADFGLA,160.10588235294117,138.0,162.0,0.01684084403172149
P29317,EphA2,154,KVIGAGEFGEVYKVAIKTLDFLGEAGIMGQFSHNIIRLEGVMIITEYMENGALDKFLREYLANMNYVHRDLAARNILVVSDFGLS,151.9764705882353,98.0,154.0,0.0
P48730,CK1d,154,RKIGSGSFGDIYLVAIKLEQLHIESKIYKMMQVGIPTIRWCVMVMELLG_PSLEDLFNFYIHSKNFIHRDVKPDNFLMIIDFGLA,150.14117647058825,0.0,154.0,0.004644880541535225
P00519,ABL1,147,HKLGGGQYGEVYEVAVKTLEFLKEAAVMKEIKPNLVQLLGVYIITEFMTYGNLLDYLREYLEKKNFIHRDLAARNCLVVADFGLS,145.57647058823528,130.0,147.0,0.01960676516031132
Q02750,MAP2K1,120,SELGAGNGGVVFKMARKLIQIIRELQVLHECNPYIVGFYGASICMEHMDGGSLDQVLKKLREKHKIMHRDVKPSNILVLCDFGVS,119.38823529411765,113.0,120.0,0.04436465352307357
P42336,p110a,119,CRIMSSAKRPLWLIIFKNGDLRQDMLTLQIIRLRMLPYGCLVGLIEVVRSHTIMQIQCKATFI__LGIGDRHNSNIMVHIDFGHF,114.14117647058823,0.0,119.0,0.027641854126382162
P48736,p110g,114,CKVMASKKKPLWLIIFKHGDLRQDMLILQILRLCLLPYGCIIGMIEIVKATTIAKIQQSATFV__LGIGDRHNDNIMIHIDFGHI,110.58823529411765,0.0,114.0,0.0030554932651866633
P43405,SYK,111,KELGSGNFGTVKKVAVKILELLAEANVMQQLDPYIVRMIGIMLVMEMAELGPLNKYLQQYLEESNFVHRDLAARNVLLISDFGLS,109.8,82.0,111.0,0.0
P49137,MAPKAPK2,108,QVLGLGINGKVLQFALKMLKARREVELHWRASPHIVRIVDVLIVMECLDGGELFSRIQDYLHSINIAHRDVKPENLLYLTDFGFA,107.94117647058823,106.0,108.0,0.015206303592016614
P53355,DAPK1,106,EELGSGQFAVVKKYAAKFIDIEREVSILKEIQPNVITLHEVILILELVAGGELFDFLAEYLHSLQIAHFDLKPENIMLIIDFGLA,104.72941176470589,99.0,106.0,0.010722958146743356
P49841,GSK3B,102,KVIGNGSFGVVYQVAIKKVFKNRELQIMRKLDCNIVRLRYFNLVLDYVP_ETVYRVARHYIHSFGICHRDIKPQNLLLLCDFGSA,100.74117647058823,0.0,102.0,0.0
P53779,JNK3,102,KPIGSGAQGIVCAVAIKKLRAYRELVLMKCVNKNIISLLNVYLVMELMD_ANLCQVIQMHLHSAGIIHRDLKPSNIVVILDFGLA,99.25882352941177,0.0,102.0,0.002669263364894676
P21802,FGFR2,99,KPLGEGAFGQVVMVAVKMLDLVSEMEMMKMIGKNIINLLGAYVIVEYASKGNLREYLRAYLASQKCIHRDLAARNVLVIADFGLA,97.37647058823529,70.0,99.0,0.03908505516985735
P49759,CLK1,96,DTLGEGAFGKVVEVAVKIVAARSEIQVLEHLNFRCVQMLEWCIVFELLG_LSTYDFIKEFLHSNKLTHTDLKPENILFVVDFGSA,94.84705882352941,0.0,96.0,0.0017187558837663095
Q9UM73,ALK,95,RGLGHGAFGEVYEVAVKTLDFLMEALIISKFNQNIVRCIGVFILLELMAGGDLKSFLREYLEENHFIHRDIAARNCLLIGDFGMA,92.56470588235294,50.0,95.0,0.013162532874798264
Q14680,MELK,85,ETIGTGGFAKVKLVAIKIMRIKTEIEALKNLRQHICQLYHVFMVLEYCPGGELFDYIISYVHSQGYAHRDLKPENLLFLIDFGLC,83.75294117647059,60.0,85.0,0.0021712293586958562
O43353,RIPK2,83,RYLSRGASGTVSSVAVKHLDVLREAEILHKARSYILPILGIGIVTEYMPNGSLNELLHRHNMTPPLLHHDLKTQNILLIADFGLS,82.03529411764706,66.0,83.0,0.00904457801250059
Q05397,FAK,82,RCIGEGQFGDVHQVAIKTCKFLQEALTMRQFDPHIVKLIGVWIIMELCTLGELRSFLQVYLESKRFVHRDIAARNVLVLGDFGLS,80.91764705882353,49.0,82.0,0.04698163164127494
P04629,TRKA,81,WELGEGAFGKVFLVAVKALDFQREAELLTMLQQHIVRFFGVLMVFEYMRHGDLNRFLRSYLAGLHFVHRDLATRNCLVIGDFGMS,80.03529411764706,51.0,81.0,0.005061629830090185
Q08881,ITK,81,QEIGSGQFGLVHLVAIKTIDFIEEAEVMMKLSPKLVQLYGVCLVFEFMEHGCLSDYLRTYLEEACVIHRDLAARNCLVVSDFGMT,79.02352941176471,42.0,81.0,0.009084863302101748
Q12866,MER,79,KILGEGEFGSVMEVAVKTMEFLSEAACMKDFSPNVIRLLGVMVILPFMKYGDLHTYLLYYLSNRNFLHRDLAARNCMLVADFGLS,75.28235294117647,19.0,79.0,0.015958676036433538
P36897,TGFbR1,75,ESIGKGRFGEVWRVAVKIFSWFREAEIYQTVMENILGFIAAWLVSDYHEHGSLFDYLNRTQGKPAIAHRDLKSKNILVIADLGLA,74.92941176470588,72.0,75.0,0.029100180531175874
Q13464,ROCK1,75,KVIGRGAFGEVQLYAMKLLFFWEERDIMAFANPWVVQLFYAYMVMEYMPGGDLVNLMSNAIHSMGFIHRDVKPDNMLLLADFGTC,74.95294117647059,73.0,75.0,0.0
P19784,CK2a2,74,RKLGRGKYSEVFEVVVKILKIKREVKILENLRTNIIKLIDTALVFEYIN_NTDFKQLYQYCHSKGIMHRDVKPHNVMILIDWGLA,72.41176470588235,0.0,74.0,0.0
Q99683,MAP3K5,74,VVLGKGTYGIVYAIAIKEIPLHEEIALHKHLKKNIVQYLGSKIFMEQVPGGSLSALLRSYLHDNQIVHRDIKGDNVLIISDFGTS,73.09411764705882,63.0,74.0,0.023085018904247925
P45983,JNK1,70,KPIGSGAQGIVCAVAIKKLRAYRELVLMKCVNKNIIGLLNVYIVMELMD_ANLCQVIQMHLHSAGIIHRDLKPSNIVVILDFGLA,68.0,0.0,70.0,0.013546134305934194
Q92918,HPK1,67,QRLGGGTYGEVFKVALKMVTLQKEILILKTCRANIVAYHGSWICMEFCGAGSLQDIYQVYLHSQKKIHRDIKGANILILADFGIS,65.51764705882353,46.0,67.0,0.0
Q8TF76,Haspin,66,EKIGEGVFGEVFQVAIKIIEILPEIIISKELSEGFIGLNSVVLEFEFGG_IDLEQMRTKAEASLRFEHRDLHWGNVLLIIDYTLS,65.07058823529412,0.0,66.0,0.006152687369188382
P10721,KIT,65,KTLGAGAFGKVVEVAVKMLALMSELKVLSYLGENIVNLLGALVITEYCCYGDLLNFLRRFLASKNCIHRDLAARNILLICDFGLA,61.88235294117647,60.0,62.0,0.013611820726095339
Q08345,DDR1,63,EKLGEGQFGEVHLVAVKILDFLKEVKIMSRLKPNIIRLLGVCMITDYMENGDLNQFLSAYLATLNFVHRDLATRNCLVIADFGMS,62.8,60.0,63.0,0.0
P52333,JAK3,62,SQLGKGNFGSVELVAVKQLDFQREIQILKALHDFIVKYRGVRLVMEYLPSGCLRDFLQRYLGSRRCVHRALAARNILVIADFGLA,61.78823529411765,56.0,62.0,0.011755873505831254
O95819,HGK,60,EVVGNGTYGQVYKAAIKVMEIKLEINMLKKYSRNIATYYGAWLVMEFCGAGSITDLVKNHLHIHHVIHRDIKGQNVLLLVDFGVS,58.38823529411765,43.0,60.0,0.0
P35968,KDR,59,KPLGRGAFGQVIEVAVKMLALMSELKILIHIGLNVVNLLGAMVIVEFCKFGNLSTYLRSFLASRKCIHRDLAARNILLICDFGLA,57.141176470588235,33.0,59.0,0.010868732099496252
P08069,IGF1R,58,RELGQGSFGMVYEVAIKTVEFLNEASVMKEFNPHVVRLLGVLVIMELMTRGDLKSYLRSYLNANKFVHRDLAARNCMVIGDFGMT,57.31764705882353,4.0,58.0,0.38588630754229575
P22455,FGFR4,58,KPLGEGCFGQVVRVAVKMLDLVSEMEVMKLIGKNIINLLGVYVIVECAAKGNLREFLRAYLESRKCIHRDLAARNVLVIADFGLA,57.01176470588236,38.0,58.0,0.021257858609349388
O14733,MAP2K7,57,GEMGSGTCGQVWKIAVKQMRILMDLDVVLKSHPYIVQCFGTFIAMELMGTCAEKLKKRMLKEKHGVIHRDVKPSNILLLCDFGIS,54.83529411764706,23.0,57.0,0.008902039923175401
O96017,CHK2,55,KTLGSGACGEVKLVAIKIINVETEIEILKKLNPCIIKIKNFYIVLELMEGGELFDKVVGYLHENGIIHRDLKPENVLLITDFGHS,52.61176470588235,10.0,55.0,0.008047511007518137
O75116,ROCK2,54,KVIGRGAFGEVQLYAMKLLFFWEERDIMAFANPWVVQLFYAYMVMEYMPGGDLVNLMSNAIHSMGLIHRDVKPDNMLLLADFGTC,54.0,54.0,54.0,0.0
P49761,CLK3,54,GNLGEGTFGKVVEVALKIIAARLEINVLKKIKFLCVLMSDWCIAFELLG_KNTFEFLKEFLHENQLTHTDLKPENILFVADFGSA,52.8,0.0,54.0,0.004481724537710472
Q13546,RIPK1,54,AELDSGGFGKVSLMIMKTVALLEEAKMMNRLRSRVVKLLGVSLVMEYMEKGNLMHVLKAYLHGKGVIHKDLKPENILVIADLGLA,51.09411764705882,20.0,54.0,0.09205663809131562
P51955,NEK2,52,YTIGTGSYGRCQKLVWKELMLVSEVNLLRELKPNIVRYYDRYIVMEYCEGGDLASVITKSDGGHTVLHRDLKPANVFLLGDFGLA,44.34117647058824,4.0,52.0,0.0
P33981,TTK,51,KQIGSGGSSKVFQYAIKYVSYRNEIAYLNKLQDKIIRLYDYYMVMECGN_IDLNSWLKKTIHQHGIVHSDLKPANFLILIDFGIA,50.34117647058824,0.0,51.0,0.00905679032468765
Q13153,PAK1,51,EKIGQGASGTVYTVAIKQMLIINEILVMRENKPNIVNYLDSWVVMEYLAGGSLTDVVTEFLHSNQVIHRNIKSDNILLLTDFGFC,50.22352941176471,34.0,51.0,0.021072390319360354
P29320,EphA3,49,KVVGAGEFGEVCSVAIKTLDFLGEASIMGQFDPNIIRLEGVMIVTEYMENGSLDSFLRKYLSDMGYVHRDLAARNILIVSDFGLS,48.04705882352941,27.0,49.0,0.008815069564658556
P12931,SRC,47,VKLGQGCFGEVWMVAIKTLAFLQEAQVMKKLREKLVQLYAVYIVTEYMSKGSLLDFLKGYVERMNYVHRDLRAANILVVADFGLA,46.082352941176474,38.0,47.0,0.019423678093808693
P49336,CDK8,47,CKVGRGTYGHVYKYALKQISACREIALLRELKPNVISLQKVWLLFDYAE_HDLWHIIKFYLHANWVLHRDLKPANILVIADMGFA,45.917647058823526,0.0,47.0,0.0
O75460,IRE1,43,DVLGHGAEGTIVYVAVKRIFADREVQLLRESDPNVIRYFCTYIAIELCAA_TLQEYVEQHLHSLNIVHRDLKPHNILIISDFGLC,41.78823529411765,0.0,43.0,0.0018747066198309935
P42345,FRAP,43,LQVITSKQRPRKLFLLKGHDLRQDERVMQLFGLSIQRYAVISGLIGWVPCDTLHALIRDVGYI__LGLGDRHPSNLMLHIDFGDC,41.98823529411764,0.0,43.0,0.0
Q9H6X2,DNAPK,43,MASLRRPKRIIIRFLVKGGDLRQDQRVEQLFQLQLRTYSVVLGLIEWLEKDLLLNTMSQSHWI__LGIGDRHLNNFMVGIDFGHA,41.98823529411764,0.0,43.0,0.0
Q9UIK4,DAPK2,43,EELGSGQFAIVKKYAAKFIEIEREVSILRQVLHNVITLHDVVLILELVSGGELFDFLAQYLHTKKIAHFDLKPENIMLLIDFGLA,43.0,43.0,43.0,0.0
Q5S007,LRRK2,41,WRQGIYLNWSVYPVLDNHPLLGQELVVDCHLHDSLMEEWFPMLVMELASKGSLDRLLKQKLHKAEEIYGDLKPHNVLVIAPDLIL,2.211764705882353,1.0,3.0,0.3241044120192316
O94804,LOK,39,GELGDGAFGKVYKAAAKVIDYIVEIEILATCDPYIVKLLGAWIMIEFCPGGAVDAIMLEFLHSKRIIHRDLKAGNVLMLADFGVS,38.294117647058826,29.0,39.0,0.0
P54760,EphB4,39,EVIGAGEFGEVCRVAIKTLEFLSEASIMGQFEPNIIRLEGVMILTEFMENGALDSFLRLYLAEMSYVHRDLAARNILVVSDFGLS,38.56470588235294,22.0,39.0,0.0
Q9UBF8,PI4KB,36,VVLNSKDKAPYLIVIVKCGDLRQELLAFQVLKLWIKPYKILSGMIEPVVAVSIHQVKKQVCYL__LQVKDRHNGNILLHIDFGFI,34.98823529411764,0.0,36.0,0.004404147220546074
Q9UQM7,CaMK2a,36,EELGKGAFSVVRRYAAKIIKLEREARICRLLKPNIVRLHDSYLIFDLVTGGELFEDIVAHCHQMGVVHRNLKPENLLLLADFGLA,35.88235294117647,31.0,36.0,0.013859074786026517
Q8NEB9,PIK3C3,35,ATLFKSALMPAQLVIFKHGDLRQDQLILQIISLKLTPYKVLHGFMQFIQSVPVAEVLDTITYI__LGVGDRHLDNLLLHIDFGYI,33.423529411764704,0.0,35.0,0.05829755924721803
P06213,INSR,33,RELGQGSFGMVYEVAVKTVEFLNEASVMKGFTSHVVRLLGVLVVMELMAHGDLKSYLRSYLNAKKFVHRDLAARNCMVIGDFGMT,26.58823529411765,9.0,29.0,0.9362436781522537
P25098,BARK1,31,RIIGRGGFGEVYGYAMKCLLALNERIMLSLVSPFIVCMSYASFILDLMNGGDLHYHLSQHMHNRFVVYRDLKPANILLISDLGLA,31.0,31.0,31.0,0.0
Q59H18,HH498,31,EIIGSGSFGKVYKVAIKRYMFCREVSILCQLNPCVIQFVGAAIVTQYISGGSLFSLLHEHNLTQPIIHRDLNSHNILLVADFGES,30.858823529411765,25.0,31.0,0.0
O43318,TAK1,30,EVVGRGAFGVVCKVAIKQIAFIVELRQLSRVNPNIVKLYGACLVMEYAEGGSLYNVLHGSMQPKALIHRDLKPPNLLLICDFGTA,28.729411764705883,4.0,30.0,0.0
P07333,FMS,29,KTLGAGAFGKVVEVAVKMLALMSELKIMSHLGENIVNLLGALVITEYCCYGDLLNFLRRFLASKNCIHRDVAARNVLLIGDFGLA,29.0,29.0,29.0,0.009380311884087555
Q07912,ACK,29,EKLGDGSFGVVRRVAVKCLDFIREVNAMHSLDRNLIRLYGVKMVTELAPLGSLLDRLRKYLESKRFIHRDLAARNLLLIGDFGLM,28.24705882352941,16.0,29.0,0.0
P30291,Wee1,28,EKIGSGEFGSVFKYAIKRSNALREVYAHAVLGSHVVRYFSALIQNEYCNGGSLADAISEYIHSMSLVHMDIKPSNIFIIGDLGHV,27.811764705882354,23.0,28.0,0.0
P53350,PLK1,28,RFLGKGGFAKCFEFAGKIVKMSMEISIHRSLAQHVVGFHGFFVVLELCRRRSLLELHKRYLHRNRVIHRDLKLGNLFLIGDFGLA,28.0,28.0,28.0,0.0
P06493,CDC2,27,EKIGEGTYGVVYKVAMKKITAIREISLLKELRPNIVSLQDVYLIFEFLS_MDLKKYLDSFCHSRRVLHRDLKPQNLLILADFGLA,26.68235294117647,0.0,27.0,0.0
Q8TDX7,NEK7,27,KKIGRGQFSEVYRVALKKVDCIKEIDLLKQLNPNVIKYYASNIVLELADAGDLSRMIKHHMHSRRVMHRDIKPANVFILGDLGLG,25.28235294117647,6.0,27.0,0.03744531354434173
Q99558,NIK,27,LRLGRGSFGEVHRCAVKKVFRAEELMACAGLTPRIVPLYGANIFMELLEGGSLGQLVKEYLHSRRILHGDVKADNVLLLCDFGHA,26.858823529411765,23.0,27.0,0.0
Q9NWZ3,IRAK4,27,NKMGEGGFGVVYKVAVKKLQFDQEIKVMAKCQENLVELLGFCLVYVYMPNGSLLDRLSCFLHENHHIHRNIKSANILLISDFGLA,26.576470588235296,17.0,27.0,0.011659718351037908
Q9UHD2,TBK1,27,DILGQGATANVFRFAIKVFVQMREFEVLKKLNKNIVKLFAIVLIMEFCPCGSLYTVLEEHLRENGIVHRNIKPGNIMRLTDFGAA,26.611764705882354,15.0,27.0,0.06846278583922324
Q8IYT8,ULK2,26,DLVGHGAFAVVFRVAIKSILLGKEIKILKELQENIVALYDVFLVMEYCNGGDLADYLQAILHSKGIIHRDLKPQNILLIADFGFA,26.0,26.0,26.0,0.0
O14936,CASK,25,EVIGKGPFSVVRRFAVKIVDLKREASICHMLKPHIVELLETYMVFEFMDGADLCFEIVKYCHDNNIIHRDVKPHCVLLLGGFGVA,25.0,25.0,25.0,0.04255912742232912
Q9BVS4,RIOK2,25,NQMGVGKESDIYIFALKLHSAMKEFAYMKALYFPVPKPIDYAVVMELINGYPLCQIHHVLANHG_LIHGDFNEFNLILMIDFPQM,24.705882352941178,0.0,25.0,0.0
Q9Y6E0,MST3,25,EKIGKGSFGEVFKVAIKIIDIQQEITVLSQCDPYVTKYYGSWIIMEYLGGGSALDLLEPYLHSEKKIHRDIKAANVLLLADFGVA,24.764705882352942,21.0,25.0,0.0
P07949,RET,24,KTLGEGEFGKVVKVAVKMLDLLSEFNVLKQVNPHVIKLYGALLIVEYAKYGSLRGFLREYLAEMKLVHRDLAARNILVISDFGLS,23.96470588235294,23.0,24.0,0.002939791680390417
P31749,AKT1,24,KLLGKGTFGKVILYAMKILHTLTENRVLQNSRPFLTALKYSCFVMEYANGGELFFHLSRLHSEKNVVYRDLKLENLMLITDFGLC,22.0,3.0,24.0,0.0
P37023,ALK1,24,ECVGKGRYGEVWRVAVKIFSWFRETEIYNTVLDNILGFIASWLITHYHEHGSLYDFLQRTQGKPAIAHRDFKSRNVLVIADLGLA,23.764705882352942,18.0,24.0,0.0
Q5TCY1,TTBK1,24,KKIGGGGFGEIYEVALKVEVLKMEVAVLKKLQDHVCRFIGCYVVMQLQG_RNLADLRRSAIHSVGFLHRDIKPSNFAMMLDFGLA,23.658823529411766,0.0,24.0,0.0
Q13882,BRK,22,RKLGSGYFGEVFEVAIKVIMLQSEIQAMKKLRKHILALYAVYIITELMAKGSLLELLRDYLESQNYIHRDLAARNILVVGDFGLA,21.905882352941177,14.0,22.0,0.0
Q9NZJ5,PEK,22,QCLGRGGFGVVFEYAIKRIKVMREVKALAKLEPGIVRYFNAYIQMQLCRKENLKDWMNGFLHSKGLMHRNLKPSNIFFVGDFGLV,19.31764705882353,13.0,22.0,0.009096784403383936
Q00534,CDK6,21,AEIGEGAYGKVFKVALKRVSTIREVAVLRHLEPNVVRLFDVTLVFEHVD_QDLTTYLDKFLHSHRVVHRDLKPQNILVLADFGLA,20.03529411764706,0.0,21.0,0.0
Q13164,Erk5,21,ETIGNGAYGVVSSVAIKKIRTLRELKILKHFKDNIIAIKDIYVVLDLME_SDLHQIIHSYMHSAQVIHRDLKPSNLLVIGDFGMA,20.529411764705884,0.0,21.0,0.0
Q96RR4,CaMKK2,21,DEIGKGSYGVVKLYAMKVLQVYQEIAILKKLDPNVVKLVEVYMVFELVNQGPVMEVPTLYLHYQKIIHRDIKPSNLLVIADFGVS,20.96470588235294,20.0,21.0,0.0
O14976,GAK,20,RVLAEGGFAFVYEYALKRLAIIQEVCFMKKLSPNIVQFCSALLLTELCK_GQLVEFLKKHRQKPPIIHRDLKVENLLLLCDFGSA,19.71764705882353,0.0,20.0,0.0
O43293,DAPK3,20,EELGSGQFAIVRKYAAKFIEIEREVNILREIRPNIITLHDIVLILELVSGGELFDFLAEYLHSKRIAHFDLKPENIMLLIDFGIA,19.88235294117647,16.0,20.0,0.0
O60674,JAK2,20,QQLGKGNFGSVEMVAVKKLDFEREIEILKSLQDNIVKYKGVKLIMEYLPYGSLRDYLQKYLGTKRYIHRDLATRNILVIGDFGLT,19.929411764705883,18.0,20.0,0.011422948170054924
O94768,DRAK2,20,KELGRGKFAVVRQYAAKFLEILHEIAVLELAKPRVINLHEVILILEYAAGGEIFSLCLPYLHQNNIVHLDLKPQNILLIVDFGMS,20.0,20.0,20.0,0.0
P29597,TYK2,20,RDLGEGHFGKVSLVAVKALGWKQEIDILRTLYEHIIKYKGCQLVMEYVPLGSLRDYLPRYLHAQHYIHRNLAARNVLLIGDFGLA,19.929411764705883,18.0,20.0,0.015049075424750173
Q16659,Erk3,20,KPLGCGGNGLVFSVAIKKIHALREIKIIRRLDDNIVKVFEIYIVQEYME_TDLANVLEQYIHSANVLHRDLKPANLFIIGDFGLA,19.2,0.0,20.0,0.0
Q99640,MYT1,20,SRLGHGSYGEVFKYAVKRSRKLAEVGSHEKVGPCCVRLEQAYLQTELC_GPSLQQHCEAHLHSQGLVHLDVKPANIFLLGDFGLL,19.764705882352942,0.0,20.0,0.0
Q9UKE5,TNIK,20,ELVGNGTYGQVYKAAIKVMEIKQEINMLKKYSRNIATYYGAWLVMEFCGAGSVTDLIKNHLHQHKVIHRDIKGQNVLLLVDFGVS,19.50588235294118,12.0,20.0,0.01695587672887304
Q00535,CDK5,19,EKIGEGTYGTVFKVALKRVSALREICLLKELKKNIVRLHDVTLVFEFCD_QDLKKYFDSFCHSRNVLHRDLKPQNLLILADFGLA,18.341176470588234,0.0,19.0,0.011552244551342326
Q12852,DLK,19,QWVGSGAQGAVFLVAVKKVLKETDIKHLRKLKPNIITFKGVCILMEFCAQGQLYEVLRAYLHLHKIIHRDLKSPNMLIISDFGTS,18.6,2.0,19.0,0.0
O15075,DCLK1,18,RTIGDGNFAVVKEYALKIIMIQNEVSILRRVKPNIVLLIEEYLVMELVKGGDLFDAITSYLHSLNIVHRDIKPENLLVLGDFGLA,17.88235294117647,16.0,18.0,0.0
O15111,IKKa,18,ERLGTGGFGNVCLIAIKSCRWCHEIQIMKKLNANVVKACDVLLAMEYCSGGDLRKLLNKYLHENKIIHRDLKPENIVLIIDLGYA,16.070588235294117,12.0,18.0,0.10704654275747734
Q96SB4,SRPK1,18,RKLGWGHFSTVWLVAMKVVTALDEIRLLKSVREMVVQLLDDCMVFEVLG_HHLLKWIIKLHTKCRIIHTDIKPENILLIADLGNA,17.764705882352942,0.0,18.0,0.009562373693246716
O00329,p110d,17,CTFMDSKMKPLWIIIFKNGDLRQDMLTLQMIQLRMTPYGCLTGLIEVVLSDTIANIQLNATYV__LGIGDRHSDNIMIHIDFGHF,16.51764705882353,0.0,17.0,0.0
Q13188,MST2,17,EKLGEGSYGSVFKVAIKQVEIIKEISIMQQCDPYVVKYYGSWIVMEYCGAGSVSDIIRLYLHFMRKIHRNIKAGNILLLADFGVA,16.36470588235294,8.0,17.0,0.0
Q14289,PYK2,17,RILGEGFFGEVYEVAVKTCKFMSEAVIMKNLDPHIVKLIGIWIIMELYPYGELGHYLERYLESINCVHRDIAVRNILVLGDFGLS,16.847058823529412,11.0,17.0,0.0
Q8IU85,CaMK1d,17,ETLGTGAFSEVVLFAVKCISIENEIAVLRKIKENIVALEDIYLVMQLVSGGELFDRIVEYLHRMGIVHRDLKPENLLYISDFGLS,16.50588235294118,2.0,17.0,0.0
Q8NB16,MLKL,17,ILLRENEVSTLYKVAIKVFTFNKEIKTMKKFEPNILRIFGISIVMEYCELGTLRELLDRHHSEAPELHGKIRSSNFLVLAGFELR,16.83529411764706,12.0,17.0,0.0
P11802,CDK4,16,AEIGVGAYGTVYKVALKSVSTVREVALLRRLEPNVVRLMDVTLVFEHVD_QDLRTYLDKFLHANCIVHRDLKPENILVLADFGLA,14.435294117647059,0.0,16.0,0.0
P21860,ErbB3,16,KVLGSGVFGTVHKVCIKVIAVTDHMLAIGSLDAHIVRLLGLQLVTQYLPLGSLLDHVRQYLEEHGMVHRNLAARNVLLVADFGVA,13.0,13.0,13.0,0.0
Q9Y6M4,CK1g3,16,KKIGCGNFGELRLVAIKLEQLHLEYRFYKQLGDGIPQVYYFAMVLELLG_PSLEDLFDLYVHSKNLIYRDVKPENFLIIIDFALA,15.694117647058823,0.0,16.0,0.009544448523048622
P16234,PDGFRa,15,RVLGSGAFGKVVEVAVKMLALMSELKIMTHLGLNIVNLLGAYIITEYCFYGDLVNYLHKFLASKNCVHRDLAARNVLLICDFGLA,14.988235294117647,14.0,15.0,0.011726960376254548
P49760,CLK2,15,STLGEGTFGRVVQVALKIIAARLEINVLEKINNLCVQMFDWCISFELLG_LSTFDFLKDFLHDNKLTHTDLKPENILFVVDFGSA,14.823529411764707,0.0,15.0,0.0
P53667,LIMK1,15,EVLGKGCFGQAIKMVMKELTFLKEVKVMRCLEPNVLKFIGVNFITEYIKGGTLRGIIKSYLHSMNIIHRDLNSHNCLVVADFGLA,14.941176470588236,13.0,15.0,0.009842832258131378
Q13315,ATM,15,LAGGVNLPKIIDCQLVKGRDLRQDAVMQQVFQLTICTYKVVSGVLEWCTTVPIGEFLVNVGYI__LGLGDRHVQNILIHIDLGVA,14.647058823529411,0.0,15.0,0.0
P04626,ErbB2,14,KVLGSGAFGTVYKVAIKVLEILDEAYVMAGVGPYVSRLLGIQLVTQLMPYGCLLDHVREYLEDVRLVHRDLAARNVLVITDFGLA,13.882352941176471,10.0,14.0,0.013921712437231235
P06239,LCK,14,ERLGAGQFGEVWMVAVKSLAFLAEANLMKQLQQRLVRLYAVYIITEYMENGSLVDFLKTFIEERNYIHRDLRAANILVIADFGLA,13.941176470588236,11.0,14.0,0.01015435963019566
P49674,CK1e,14,RKIGSGSFGDIYLVAIKLEQLHIESKFYKMMQVGIPSIKWCVMVMELLG_PSLEDLFNFYIHSKNFIHRDVKPDNFLMIIDFGLA,13.258823529411766,0.0,14.0,0.0
Q16832,DDR2,14,EKLGEGQFGEVHLVAVKMLDFLKEIKIMSRLKPNIIHLLAVCMITEYMENGDLNQFLSRYLSSLNFVHRDLATRNCLVIADFGMS,13.976470588235294,12.0,14.0,0.0
Q6IQ55,TTBK2,14,RKIGGGGFGEIYDVALKVEVLKMEVAVLKKLQDHVCRFIGCYVVMQLQG_RNLADLRRSSIHSVGFLHRDIKPSNFAMMLDFGLA,13.670588235294117,0.0,14.0,0.0
Q9HBH9,MNK2,14,DVLGEGAHARVQTYAVKIIRVFREVEMLYQCQRNVLELIEFYLVFEKMRGGSILSHIHKFLHNKGIAHRDLKPENILCICDFDLG,13.670588235294117,2.0,14.0,0.0
O15530,PDK1,13,KILGEGSFSTVVLYAIKILYVTRERDVMSRLDPFFVKLYFTYFGLSYAKNGELLKYIRKYLHGKGIIHRDLKPENILLITDFGTA,13.0,13.0,13.0,0.009205730908923663
P51812,RSK2,13,KVLGQGSFGKVFLYAMKVLRTKMERDILVEVNPFIVKLHYAYLILDFLRGGDLFTRLSKHLHSLGIIYRDLKPENILLLTDFGLS,12.776470588235295,10.0,13.0,0.0
P52564,MAP2K6,13,MELGRGAYGVVEKMAVKRIRLLMDLDISMRTVPFTVTFYGAWICMELMD_TSLDKFYKQLHSKLSVIHRDVKPSNVLIMCDFGIS,12.152941176470588,0.0,13.0,0.0
Q02763,TIE2,13,DVIGEGNFGQVLKAAIKRMDFAGELEVLCKLGPNIINLLGAYLAIEYAPHGNLLDFLRKYLSQKQFIHRDLAARNILVIADFGLS,12.035294117647059,5.0,13.0,0.0072868493491619266
O00311,CDC7,12,DKIGEGTFSSVYLIALKHLRIAAELQCLTVAGDNVMGVKYCVIAMPYLE_HESFLD__IRIHQFGIVHRDVKPSNFLYLVDFGLA,11.576470588235294,0.0,12.0,0.0
O95747,OSR1,12,EVIGSGATAVVQAVAIKRIELLKEIQAMSQCHPNIVSYYTSWLVMKLLSGGSVLDIIKHYLHKNGQIHRDVKAGNILLIADFGVS,11.694117647058823,8.0,12.0,0.0
P23443,p70S6K,12,RVLGKGGYGKVFQFAMKVLHTKAERNILEEVKPFIVDLIYAYLILEYLSGGELFMQLERHLHQKGIIYRDLKPENIMLLTDFGLC,11.51764705882353,6.0,12.0,0.0
P27037,ACTR2,12,EVKARGRFGCVWKVAVKIFSWQNEYEVYSLPGENILQFIGAWLITAFHEKGSLSDFLKADGHKPAISHRDIKSKNVLLIADFGLA,12.0,12.0,12.0,0.0
P37173,TGFbR2,12,TLVGKGRFAEVYKVAVKIFSWKTEKDIFSDINENILQFLTAWLITAFHAKGNLQEYLTRGRPKMPIVHRDLKSSNILVLCDFGLS,12.0,12.0,12.0,0.0
Q8WU08,YANK1,12,RAIGKGSFGKVCIYAMKYMNVFKELQIMQGLEPFLVNLWYSFMVVDLLLGGDLRYHLQQYLQNQRIIHRDMKPDNILLITDFNIA,12.0,12.0,12.0,0.0
Q9P0L2,MARK1,12,KTIGKGNFAKVKLVAVKIIKLFREVRIMKILNPNIVKLFEVYLVMEYASGGEVFDYLVAYCHQKYIVHRDLKAENLLLIADFGFS,11.670588235294117,8.0,12.0,0.0
P45984,JNK2,11,KPIGSGAQGIVCAVAVKKLRAYRELVLLKCVNKNIISLLNVYLVMELMD_ANLCQVIHMHLHSAGIIHRDLKPSNIVVILDFGLA,10.364705882352942,0.0,11.0,0.0
P78362,SRPK2,11,RKLGWGHFSTVWLVAMKVVTALDEIKLLKCVRDMVVQLIDDCMVFEVLG_HHLLKWIIKLHSKCKIIHTDIKPENILMIADLGNA,10.870588235294118,0.0,11.0,0.0
Q15303,ErbB4,11,KVLGSGAFGTVYKVAIKILEFMDEALIMASMDPHLVRLLGVQLVTQLMPHGCLLEYVHEYLEERRLVHRDLAARNVLVITDFGLA,11.0,11.0,11.0,0.0
Q2M2I8,AAK1,11,EVLAEGGFAIVFLCALKRMVCKREIQIMRDLSKNIVGYIDSLILMDFCRGGQVVNLMNQHQCKTPIIHRDLKVENILLLCDFGSA,10.952941176470588,9.0,11.0,0.0
Q7KZI7,MARK2,11,KTIGKGNFAKVKLVAVKIIKLFREVRIMKVLNPNIVKLFEVYLVMEYASGGEVFDYLVAYCHQKFIVHRDLKAENLLLIADFGFS,10.694117647058823,5.0,11.0,0.04136442229849537
Q9H4A3,Wnk1,11,IEIGRGSFKTVYKVAWCELRFKEEAEMLKGLQPNIVRFYDSVLVTELMTSGTLKTYLKRHTRTPPIIHRDLKCDNIFIIGDLGLA,10.988235294117647,10.0,11.0,0.0
Q9NYL2,ZAK,11,ENCGGGSFGSVYRVAVKKLKIEKEAEILSVLSRNIIQFYGVGIVTEYASLGSLYDYINSMEAPVKVIHRDLKSRNVVIICDFGAS,10.952941176470588,9.0,11.0,0.0
P22607,FGFR3,10,KPLGEGAFGQVVMVAVKMLDLVSEMEMMKMIGKNIINLLGAYVLVEYAAKGNLREFLRAYLASQKCIHRDLAARNVLVIADFGLA,10.0,10.0,10.0,0.01694054338875235
P41279,COT,10,DFIPRGAFGKVYLMACKLIFKPSDVEIQACFRENIAELYGAHLFMEAGEGGSVLEKLESFLHSKKVIHHDIKPSNIVFLVDFGLS,9.905882352941177,7.0,10.0,0.0
P42684,ABL2,10,HKLGGGQYGEVYVVAVKTLEFLKEAAVMKEIKPNLVQLLGVYIVTEYMPYGNLLDYLREYLEKKNFIHRDLAARNCLVVADFGLS,10.0,10.0,10.0,0.0
P50613,CDK7,10,DFLGEGQFATVYKVAIKKITALREIKLLQELSPNIIGLLDASLVFDFME_TDLEVIIKDYLHQHWILHRDLKPNNLLLLADFGLA,9.176470588235293,0.0,10.0,0.29726450965950213
P53671,LIMK2,10,EVLGKGFFGQAIKMVMKELTFLTEVKVMRSLDPNVLKFIGVNLLTEYIEGGTLKDFLRSYLHSMCIIHRDLNSHNCLIVADFGLS,10.0,10.0,10.0,0.0
Q13557,CaMK2d,10,EELGKGAFSVVRRYAAKIIKLEREARICRLLKPNIVRLHDSYLVFDLVTGGELFEDIVAHCHLNGIVHRDLKPENLLLLADFGLA,9.964705882352941,9.0,10.0,0.0
Q16644,MAPKAPK3,10,QVLGLGVNGKVLECALKLLKARQEVDHHWQASPHIVCILDVLIIMECMEGGELFSRIQEFLHSHNIAHRDVKPENLLYLTDFGFA,9.976470588235294,8.0,10.0,0.0
Q86Y07,VRK2,10,KKIGSGGFGLIYLHVVKVEPLFSELKFYQRVALGIPLFYGSFMVMERLG_IDLQKISGQYIHENEYVHGDIKAANLLLLADYGLS,9.435294117647059,0.0,10.0,0.0
Q8N5S9,CaMKK1,10,QSEIGKGAYGVVRHYAMKVERVYQEIAILKKLHVNVVKLIENLYLVFDLRKGPVMEVPCEYLHCQKIVHRDIKPSNLLKIADFGV,10.0,10.0,10.0,0.0
Q96Q15,SMG1,10,LPTKTKPKKLLFLYLFKGLDLHLDERIMQFLSFHARHYSVTSGLIQWVDATPLFGLYKRVGYI__IGLGDRHLDNVLIHIDYNVC,9.741176470588234,0.0,10.0,0.005517595218697426
Q9H2G2,SLK,10,GELGDGAFGKVYKAAAKVIDYMVEIDILASCDPNIVKLLDAWILIEFCAGGAVDAVMLEYLHDNKIIHRDLKAGNILFLADFGVS,9.882352941176471,7.0,10.0,0.0
Q9P2K8,GCN2,10,QLLGKGAFGAVIKYAVKRIRIKGEVTLLSRLHENIVRYYNA__________________YIHEKGMIHRNLKPVNIFLIGDFGLA,6.129411764705883,0.0,8.0,0.0
Q9Y5S2,MRCKb,10,KVIGRGAFGEVAVYAMKILCFREERDVLVNGDQWITALHYAYLVMDYYVGGDLLTLLSKSIHQLHYVHRDIKPDNVLLLADFGSC,10.0,10.0,10.0,0.0
O15264,p38d,9,THVGSGAYGSVCSVAIKKLRAYRELLLLKHMQENVIGLLDVYLVMPFMQ_TDLQKIMGMYIHSAGVVHRDLKPGNLAVILDFGLA,8.823529411764707,0.0,9.0,0.008990641253042591
P27448,MARK3,9,KTIGKGNFAKVKLVAIKIIKLFREVRIMKILNPNIVKLFEVYLIMEYASGGEVFDYLVAYCHQKRIVHRDLKAENLLLIADFGFS,9.0,9.0,9.0,0.0
P36888,FLT3,9,KVLGSGAFGKVMNVAVKMLALMSELKMMTQLGENIVNLLGAYLIFEYCCYGDLLNYLRSFLEFKSCVHRDLAARNVLVICDFGLA,8.964705882352941,8.0,9.0,0.0
P54762,EphB1,9,EVIGAGEFGEVYKVAIKTLDFLSEASIMGQFDPNIIRLEGVMIITEFMENGALDSFLRQYLAEMNYVHRDLAARNILVVSDFGLS,8.75294117647059,4.0,9.0,0.0
Q8IVT5,KSR1,9,EPIGQGRWGRVHRVAIRLLLFKKEVMNYRQTRENVVLFMGAAIITSFCKGRTLHSFVRDYLHAKGIVHKDLKSKNVFYITDFGLF,6.0,6.0,6.0,0.0
Q9BRS2,RIOK1,9,GCISTGKEANVYHRAIKIYWAEKEMRNLIRLNIPCPEPIMLVLVMSFIGAPLLKNVQLSMYQDARLVHADLSEFNMLYIIDVSQS,7.117647058823529,6.0,9.0,0.39378542641464787
Q9BTU6,PI4K2A,9,ERIYQGSSGSYFVAVFKPKGYLSEAGASLVDQNIVPRTKVVGSFQLFVEYKDADYWLRRLDYI__IRNTDRGNDNWLIAIDNGLA,8.741176470588234,0.0,9.0,0.0
Q9NYY3,PLK2,9,KTLGKGGFAKCYEYAAKIIKIDKEIELHRILHKHVVQFYHYYILLEYCSRRSMAHILKAYLHEQEILHRDLKLGNFFIVGDFGLA,9.0,9.0,9.0,0.0
Q9P289,MST4,9,ERIGKGSFGEVFKVAIKIIDIQQEITVLSQCDSYVTKYYGSWIIMEYLGGGSALDLLRAYLHSEKKIHRDIKAANVLLLADFGVA,8.941176470588236,7.0,9.0,0.010803480400641054
P07332,FES,8,EQIGRGNFGEVFSVAVKSCKFLQEARILKQYSPNIVRLIGVYIVMELVQGGDFLTFLRTYLESKCCIHRDLAARNCLVISDFGMS,8.0,8.0,8.0,0.0
P15735,PHKg2,8,DVIGRGVSSVVRRFAVKIMATRRETHILRQVAPHIITLIDSFLVFDLMRKGELFDYLTEFLHANNIVHRDLKPENILLLSDFGFS,8.0,8.0,8.0,0.0
P27361,Erk1,8,QYIGEGAYGMVSSVAIKKIRTLREIQILLRFRENVIGIRDIYIVQDLME_TDLYKLLKSYIHSANVLHRDLKPSNLLIICDFGLA,7.905882352941177,0.0,8.0,0.0
P31751,AKT2,8,KLLGKGTFGKVILYAMKILHTVTESRVLQNTRPFLTALKYACFVMEYANGGELFFHLSRYLHSRDVVYRDIKLENLMLITDFGLC,7.658823529411765,3.0,8.0,0.0
P54646,AMPKa2,8,DTLGVGTFGKVKIVAVKILKIKREIQNLKLFRPHIIKLYQVFMVMEYVSGGELFDYICKYCHRHMVVHRDLKPENVLLIADFGLS,8.0,8.0,8.0,0.0
P78368,CK1g2,8,KKIG_____ELRLVAIKLEQLHLEYRFYKQLSEGVPQVYYFAMVLELLG_PSLEDLFDLYVHTKSLIYRDVKPENFLVIIDFGLA,7.3882352941176475,0.0,8.0,0.0
Q01974,ROR2,8,EELGEDRFGKVYKVAIKTLEFRHEAMLRARLQPNVVCLLGVSMIFSYCSHGDLHEFLVMYLSSHHVVHKDLATRNVLVISDLGLF,8.0,8.0,8.0,0.0
Q13131,AMPKa1,8,DTLGVGTFGKVKVVAVKILKIRREIQNLKLFRPHIIKLYQVFMVMEYVSGGELFDYICKYCHRHMVVHRDLKPENVLLIADFGLS,7.129411764705883,4.0,8.0,0.10231801283757108
Q15375,EphA7,8,RVIGAGEFGEVCSVAIKTLDFLCEASIMGQFDPNVVHLEGVMIVIEFMENGALDAFLRKYLADMGYVHRDLAARNILVVSDFGLS,7.870588235294117,1.0,8.0,0.006394875802348193
Q6VAB6,KSR2,8,ELIGKGRFGQVYHVAIRLIAFKREVMAYRQTRENVVLFMGAAIITSLCKGRTLYSVVRDYLHAKGILHKDLKSKNVFYITDFGLF,7.964705882352941,7.0,8.0,0.0
Q8N2I9,SgK495,8,___________________GKNAGPAGLFILLRQGKMLLHTFSDKTADLNLQHYVIKEKALHQKNIVHRDLKLGNMVLITNFCLG,5.6,0.0,8.0,0.2982603553815516
Q8WZ42,TTN,8,EDLGRGEFGIVHRYMAKFVLVKKEISILNIARRNILHLHESVMIFEFISGLDIFERINTFLHSHNIGHFDIRPENIIYIIEFGQA,8.0,8.0,8.0,0.0
Q96PY6,NEK1,8,QKIG_____KAILYVIKEIESRREVAVLANMKPNIVQYRESYIVMDYCEGGDLFKRINAHVHDRKILHRDIKSQNIFLLGDFGIA,7.482352941176471,0.0,8.0,0.0
Q9NSY1,BIKE,8,ESLAEGGFSTVFLCALKRMVCKREITIMKELSKNIVGYLDCLILMEYCRAGQVVNQMNKHQCKTPIIHRDLKVENILLLCDFGSA,8.0,8.0,8.0,0.0
O14920,IKKb,7,RLGTGGFGNVIRWIAIKQCRWCLEIQIMRRLTPNVVAARDVLLAMEYCQGGDLRKYLNFYLHENRIIHRDLKPENIVLIIDLGYA,6.0,6.0,6.0,0.046471379587588964
P19525,PKR,7,ELIGSGGFGQVFKYVIKRVKAEREVKALAKLDVNIVHYNGCFIQMEFCDKGTLEQWIEKYIHSKKLIHRDLKPSNIFLIGDFGLV,6.929411764705883,6.0,7.0,0.017115215848811278
P51813,BMX,7,KELGSGQFGVVKLVAVKMIEFFQEAQTMMKLSPKLVKFYGVYIVTEYISNGCLLNYLRSFLESHQFIHRDLAARNCLVVSDFGMT,6.882352941176471,5.0,7.0,0.01015435963019566
Q15759,p38b,7,RPVGSGAYGSVCSVAVKKLRTYRELRLLKHLKENVIGLLDVYLVTTLMG_ADLNNIVKCYIHSAGIIHRDLKPSNVAVILDFGLA,6.670588235294118,0.0,7.0,0.01015435963019566
Q96RU8,Trb1,7,LLLPLAEREHVSRLRCKVFYQDKIRPYIQLPSSNITGIVEVYVFFEKDF_GDMHSYVRSHCHQSAIVLGDLKLRKFVFLRLESLE,6.811764705882353,0.0,7.0,0.0
Q96S44,PRPK,7,ELVKQGAEARVFRAVIKHRRTVQEARALLRCRAGISAPVVFCLYMEEIE_GSVTVRDYIRMHDEDLIHGDLTTSNMLLLIDFGLS,6.91764705882353,0.0,7.0,0.0
Q9BYP7,Wnk3,7,IELGRGAFKTVYKVAWCELRFKEEAEMLKGLQPNIVRFYDSVLVTELMTSGTLKTYLKRHTRTPPIIHRDLKCDNIFIIGDLGLA,7.0,7.0,7.0,0.0069608562186156174
O00444,PLK4,6,NLLGKGSFAGVYRVAIKMIRVQNEVKIHCQLKPSILELYNYYLVLEMCHNGEMNRYLKNYLHSHGILHRDLTLSNLLLIADFGLA,5.976470588235294,5.0,6.0,0.0
P34947,GPRK5,6,RVLGKGGFGEVCAYACKRLMALNEKQILEKVNQFVVNLAYACLVLTIMNGGDLKFHIYNDLHHENTVYRDLKPENILLISDLGLA,6.0,6.0,6.0,0.021606960801282108
P43250,GPRK6,6,RVLGKGGFGEVCAYACKKLMALNEKQILEKVNRFVVSLAYACLVLTLMNGGDLKFHIYHDLHRERIVYRDLKPENILLISDLGLA,6.0,6.0,6.0,0.0
P45985,MAP2K4,6,GEIGRGAYGSVNKMAVKRIQLLMDLDVVMRSSPYIVQFYGAWICMELMS_TSFDKFYKYLKENLKIIHRDIKPSNILLLCDFGIS,5.188235294117647,0.0,6.0,0.0
P54753,EphB3,6,EVIGAGEFGEVCRVAIKTLDFLSEASIMGQFDPNIIRLEGVMILTEFMENCALDSFLRLYLSEMNYVHRDLAARNILVVSDFGLS,5.647058823529412,1.0,6.0,0.0
Q13873,BMPR2,6,ELIGRGRYGAVYKVAVKVFNFINEKNIYRVPLDNIARFIVGLLVMEYYPNGSL_KYLSLDHYKPAISHRDLNSRNVLVISDFGLS,5.929411764705883,0.0,6.0,0.0
Q14012,CaMK1a,6,DVLGTGAFSEVILVAIKCISMENEIAVLHKIKPNIVALDDIYLIMQLVSGGELFDRIVEYLHDLGIVHRDLKPENLLYISDFGLS,5.729411764705882,2.0,6.0,0.0
Q96RG2,PASK,6,SPLGSGAFGFVWTVVVKFIKVTLEIAILSRVEANIIKVLDIQLVMEKHGSGLDLFAFIDYLRLKDIIHRDIKDENIVILIDFGSA,6.0,6.0,6.0,0.0
P04049,RAF1,5,TRIGSGSFGTVYKVAVKILAFRNEVAVLRKTRVNILLFMGYAIVTQWCEGSSLYKHLHVYLHAKNIIHRDMKSNNIFLIGDFGLA,3.6941176470588237,2.0,5.0,0.0
P48729,CK1a,5,RKIGSGSFGDIYLVAVKLEQLLYESKLYKILQVGIPHIRWYVLVMDLLG_PSLEDLFNFYVHTKNFIHRDIKPDNFLMLIDFGLA,4.894117647058824,0.0,5.0,0.011422948170054924
P53778,p38g,5,RPVGSGAYGAVCSVAIKKLRAYRELRLLKHMRENVIGLLDVYLVMPFMG_TDLGKLMKHYIHAAGIIHRDLKPGNLAVILDFGLA,4.91764705882353,0.0,5.0,0.008493271704557204
P80192,MLK1,5,EIIGIGGFGKVYRVAVKAANVRQEAKLFAMLKPNIIALRGVCLVMEFARGGPLNRVLSGDEAIVPIIHRDLKSSNILIITDFGLA,5.0,5.0,5.0,0.008493271704557204
Q13523,PRP4,5,GYTGQGVFSNVVRVAVKIITGLKELEFLSKYIFQGGRLLRHCLVFEPAS_MNLRGILKKLLKRCNILHADIKPDNILVLCDFG__,2.823529411764706,0.0,5.0,0.10280653353049432
Q8NI60,ADCK3,5,RPFAAASIGQVHLVAMKIQDYQREAACARKFRFYVPEIVDEVLTTELVSGFPLDQAEGLELFEFHFMQTDPNWSNFFYLLDFGAT,4.952941176470588,3.0,5.0,0.0
Q8TCG2,PI4K2B,5,ERISQGSSGSYFVGVFKPKGYLSEAGAYLVDNSIVPKTKVVGSFQLFVEYKEAEYWLRKLDYI__IRNTDRGNDNWLVAIDNGLA,4.811764705882353,0.0,5.0,0.0
Q9UK32,RSK4,5,KVLGQGSFGKVFLYAMKVL______DILVEVNPFIVKLHYAYLILDFLRGGDVFTRLSKHLHQLGIVYRDLKPENILLLTDFGLS,4.647058823529412,0.0,5.0,0.0
O00141,SGK1,4,KVIGKGSFGKVLLYAVKVL_______VLLKNVPFLVGLHFSYFVLDYINGGELFYHLQRYLHSLNIVYRDLKPENILLLTDFGLC,3.6470588235294117,0.0,4.0,0.0
O00238,BMPR1B,4,KQIGKGRYGEVWMVAVKVFSWFRETEIYQTVLENILGFIAAYLITDYHENGSLYDYLKSTQGKPAIAHRDLKSKNILVIADLGLA,4.0,4.0,4.0,0.0
O96013,PAK4,4,IKIGEGSTGIVCIVAVKKMLLFNEVVIMRDYQENVVEMYNSWVVMEFLEGGALTDIVTHVLHAQGVIHRNIKSDSILLLSDFGFC,4.0,4.0,4.0,0.009544448523048622
P08922,ROS,4,LLLGSGAFGEVYEVAVKTLEFLKEAHLMSKFNPNILKQLGVYIILELMEGGDLLTYLRKYLERMHFIHRDLAARNCLVIGDFGLA,3.9058823529411764,2.0,4.0,0.0
P17612,PKACa,4,KTLGTGSFGRVMLYAMKILHTLNEKRILQAVNPFLVKLEFSYMVMEYVPGGEMFSHLRRYLHSLDLIYRDLKPENLLIVTDFGFA,4.0,4.0,4.0,0.0
P30530,AXL,4,KTLGEGEFGAVMEVAVKTMDFLSEAVCMKEFDPNVMRLIGVVVILPFMKHGDLHSFLLYYLSTKRFIHRDLAARNCMLVADFGLS,4.0,4.0,4.0,0.0
P41240,CSK,4,QTIGKGEFGDVMLVAVKCIAFLAEASVMTQLRSNLVQLLGVYIVTEYMAKGSLVDYLRSYLEGNNFVHRDLAARNVLVVSDFGLT,3.9647058823529413,2.0,4.0,0.0
P43403,ZAP70,4,IELGCGNFGSVRQVAIKVLEMMREAQIMHQLDPYIVRLIGVMLVMEMAGGGPLHKFLVGYLEEKNFVHRDLAARNVLLISDFGLS,4.0,4.0,4.0,0.011764705882352941
P51617,IRAK1,4,LKIGEGGFGCVYRYAVKRLSFLTEVEQLSRFRPNIVDFAGYCLVYGFLPNGSLEDRLHCHQDSPSLIHGDIKSSNVLLLGDFGLA,4.0,4.0,4.0,0.0
Q00536,PCTAIRE1,4,DKLGEGTYATVYKVALKEITAIREVSLLKDLKANIVTLHDITLVFEYLD_KDLKQYLDDYCHRQKVLHRDLKPQNLLILADFGLA,3.9529411764705884,0.0,4.0,0.0
Q04912,RON,4,RVIGKGHFGVVYHCAIKSLAFLREGLLMRGLNPNVLALIGIHVLLPYMCHGDLLQFIRSYLAEQKFVHRDLAARNCMLVADFGLA,4.0,4.0,4.0,0.0
Q13418,ILK,4,TKLNENHSGELWKIVVKVLDFNEECPRLRIFSPNVLPVLGATLITHWMPYGSLYNVLHEHTLEPLIPRHALNSRSVMIISMADVK,4.0,4.0,4.0,0.009544448523048622
Q13554,CaMK2b,4,EDIGK___SVVRRYAAKIIKLEREARICRLLKSNIVRLHDSYLVFDLVTGGELFEDIVAHCHQMGVVHRDLKPENLLLLADFGLA,3.776470588235294,0.0,4.0,0.0
Q16288,TRKC,4,RELGEGAFGKVFLVAVKALDFQREAELLTNLQEHIVKFYGVIMVFEYMKHGDLNKFLRAYLASQHFVHRDLATRNCLVIGDFGMS,3.8588235294117648,2.0,4.0,0.0
Q16620,TRKB,4,RELGEGAFGKVFLVAVKTLDFHREAELLTNLQEHIVKFYGVIMVFEYMKHGDLNKFLRAYLASQHFVHRDLATRNCLVIGDFGMS,3.976470588235294,3.0,4.0,0.0
Q38SD2,LRRK1,4,,,,,
Q7RTN6,STLK5,4,TVIGKGFEDLMTVVTVRRIFLQGELHVSKLFNPNIVPYRATWVVTSFMAYGSAKDLICTYIHHMGYVHRSVKASHILILSGLRSN,3.0,3.0,3.0,0.0
Q86YV6,SgK085,4,EILGGG__GQVHKLAAKIIEVKNEISVMNQLDANLIQLYDAVLVMEYVDGGELFDRIIDHMHQMYILHLDLKPENILCIIDFGLA,3.835294117647059,0.0,4.0,0.0
Q8IV63,VRK3,4,SFQTRDNQGILYEFSLKLDLQVNKWKKLYSTPLAIPTCMGFFLVLPSLG_RSLQSALDVFLHENEYVHGNVTAENIFVLAGYGFA,3.9529411764705884,0.0,4.0,0.0
Q92772,CDKL2,4,GLVGEGSYGMVMKVAIKKFIAMREIKLLKQLRENLVNLLEVYLVFEFVD_HTILDDLELFCHSHNIIHRDIKPENILVLCDFGFA,3.8705882352941177,0.0,4.0,0.0
Q96GX5,MASTL,4,KPISRGAFGKVYLYAVKVV________LALSKPFIVHLYYSYLVMEYLIGGDVKSLLHIYLHRHGIIHRDLKPDNMLILTDFGLG,3.5058823529411764,0.0,4.0,0.011764705882352941
Q96NX5,CaMK1g,4,EVLGSGAFSEVFLFALKCISLENEIAVLKKIKENIVTLEDIYLVMQLVSGGELFDRILEYLHENGIVHRDLKPENLLYITDFGLS,4.0,4.0,4.0,0.0
Q9BUB5,MNK1,4,ELLGEGAYAKVQGYAVKIIRVFREVETLYQCQKNILELIEFYLVFEKLQGGSILAHIQKFLHTKGIAHRDLKPENILCICDFDLG,4.0,4.0,4.0,0.009544448523048622
Q9P1W9,PIM2,4,PLLGKGGFGTVFAVAIKVITCPLEVALLWKVGPGVIRLLDWMLVLERPLAQDLFDYITEHCHSRGVVHRDIKDENILILIDFGSG,3.9411764705882355,2.0,4.0,0.0
Q9Y4A5,TRRAP,4,KTEVLMENFRRAIEVYEGELTPCEISHVIGLKGTKQLKLDPESLQKERVIYIEANASGAAEEYVPLPFKGDVHKKKEIHDLDVAN,3.152941176470588,1.0,4.0,0.9094354171545077
Q9Y616,IRAK3,4,FLIGEGEIFEVYRYAVKLFRFLSELEVLLLFHPNILELAAYCLIYPYMRNGTLFDRLQCNVQPCSVICGSISSANILLLTDFAMA,3.8705882352941177,3.0,4.0,0.0
O76039,CDKL5,3,GVVGEGAYGVVLKVAIKKFTTLRELKMLRTLKENIVELKEAYLVFEYVE_KNMLELLEEWCHKNDIVHRDIKPENLLILCDFGFA,2.9647058823529413,0.0,3.0,0.0
P08631,HCK,3,KKLGAGQFGEVWMVAVKTMAFLAEANVMKTLQDKLVKLHAVYIITEFMAKGSLLDFLKSFIEQRNYIHRDLRAANILVIADFGLA,3.0,3.0,3.0,0.0
Q00532,CDKL1,3,GKIGEGSYGVVFKVAIKKFIALREIRMLKQLKPNLVNLLEVHLVFEYCD_HTVLHELDRFCHKHNCIHRDVKPENILILCDFGFA,2.9647058823529413,0.0,3.0,0.0
Q05823,RNAseL,3,YKIADTSEGGIYLVAVKTFRAQREVSCLQSSRSHLVTFYGSFVCVTLCEQ_TLEACLDVLHLSCGYTHQDLQPQNILILADFDKS,2.9647058823529413,0.0,3.0,0.0
Q13308,CCK4,3,TTLGKSEFGEVFLVLVKSLDFRRELEMFGKLNANVVRLLGLYMVLEYVDLGDLKQFLRIHLSNNRFVHKDLAARNCLVVSALGLS,3.0,3.0,3.0,0.0
Q15418,RSK3,3,KVLGQGSFGKVFLYAMKVL_______ILADVNPFVVKLHYAYLILDFLRGGDLFTRLSKHLHSLGIIYRDLKPENILLLTDFGLS,2.7529411764705882,0.0,3.0,0.0
Q15831,LKB1,3,DLLGEGSYGKVKERAVKILNVKKEIQLLRRLRKNVIQLVDVYMVMEYCVCGMQEMLDSVYLHSQGIVHKDIKPGNLLLISALGVA,2.9058823529411764,2.0,3.0,0.583387941634617
Q96C45,ULK4,3,EEIGRGSKTVVYKVAILCTEITNWVRLTREIKKNIVTFHEWWLVVELCTGGSLKTVIAQHLHKLGILFCDISPRKILLFSNFCLA,3.0,3.0,3.0,0.0
O75582,MSK1,2,KVLGTGAYGKVFLYAMKVLHTRTERQVLEHIRPFLVTLHYAHLILDYINGGELFTHLSQHLHKLGIIYRDIKLENILLLTDFGLS,2.0,2.0,2.0,0.0
O75716,MPSK1,2,QKLGEGGFSYVDLYALKRIEAQREADMHRLFNPNILRLVAYWLLLPFFKRGTLWNEIERAIHAKGYAHRDLKPTNILLLMDLGSM,1.9764705882352942,1.0,2.0,0.0
O75914,PAK3,2,EKIGQGASGTVYTVAIKQMLIINEILVMRENKPNIVNYLDSWVVMEYLAGGSLTDVVTEFLHSNQVIHRDIKSDNILLLTDFGFC,2.0,2.0,2.0,0.0
P07948,LYN,2,KRLGAGQFGEVWMVAVKTLAFLEEANLMKTLQDKLVRLYAVYIITEYMAKGSLLDFLKSYIERKNYIHRDLRAANVLVIADFGLA,2.0,2.0,2.0,0.0
P14616,IRR,2,,,,,
P17948,FLT1,2,KSLGRGAFGKVVQVAVKMLALMTELKILTHIGLNVVNLLGAMVIVEYCKYGNLSNYLKSFLSSRKCIHRDLAARNILLICDFGLA,2.0,2.0,2.0,0.0
P29322,EphA8,2,KIIGSGDSGEVCYVAIKALDFLSEASIMGQFDPNIIRLEGVMIVTEYMENGSLDTFLRTYLSDLGYVHRDLAARNVLVVSDFGLS,2.0,2.0,2.0,0.0
P32298,GPRK4,2,RVLGKGGFGEVCAYACKKLMALNEKRILEKVQRFVVSLAYACLVLTIMNGGDLKFHIYNDLQRERIVYRDLKPENILLISDLGLA,2.0,2.0,2.0,0.0
P36507,MAP2K2,2,SELGAGNGGVVTKMARKLIQIIRELQVLHECNPYIVGFYGASICMEHMDGGSLDQVLKELREKHQIMHRDVKPSNILVLCDFGVS,2.0,2.0,2.0,0.0
P42356,PI4KA,2,_PMQSAAKAPYLAAIFKVGDCRQDMLALQIIDLFVFPYRVVCGVIECIPDCTSRDQLG_LLFL__LQIKDRHNGNIMLHIDFGFM,1.9058823529411764,0.0,2.0,0.0
P54756,EphA5,2,RVIGAGEFGEVCSVAIKTLDFLGEASIMGQFDPNIIHLEGVMIVTEYMENGSLDTFLKKYLSDMGYVHRDLAARNILIVSDFGLS,2.0,2.0,2.0,0.0
Q01973,ROR1,2,EELGECAFGKIYKVAIKTLEFQQEASLMAELHPNIVCLLGACMLFEYINQGDLHEFLIMYLSSHFFVHKDLAARNILIISDLGLS,1.988235294117647,1.0,2.0,0.0
Q09013,DMPK1,2,KVIGRGAFSEVAVYAMKIMCFREERDVLVNGDRWITQLHFAYLVMEYYVGGDLLTLLSKSVHRLGYVHRDIKPDNILLLADFGSC,2.0,2.0,2.0,0.0
Q13535,ATR,2,LASLQKPKKISLKMMCKPKDLRKDCRLMEFNSLHIRTYAVICGIIEWVNTAGLRPILTKVGYI__LGLGDRHGENILFHVDFNCL,1.9529411764705882,0.0,2.0,0.0
Q15208,NDR1,2,KVIGRGAFGEVRLYAMKILHIRAERDILVEADLWVVKMFYSYLIMEFLPGGDMMTLLMKSIHQLGFIHRDIKPDNLLLLSDFGLC,2.0,2.0,2.0,0.0
Q16816,PHKg1,2,EILGRGVSSVVRRYAVKVIATLKEVDILRKVSPNIIQLKDTFLVFDLMKRGELFDYLTETLHKLNIVHRDLKPENILLLTDFGFS,1.0,1.0,1.0,0.0
Q6PHR2,ULK3,2,ERLGSGTYATVYKVAIKCVNLLTEIEILKGIRPHIVQLKDFYLIMEFCAGGDLSRFIHTFLHERNISHLDLKPQNILLLADFGFA,1.9529411764705882,1.0,2.0,0.0
Q96KB5,PBK,2,QKLGFGTGVNVYLWAVKKIRLMDEAKILKSLHPNIVGYRAFCLAMEYGGEKSLNDLIEELHQEKKLLHGDIKSSNVVIICDVGVS,2.0,2.0,2.0,0.0
Q96L34,MARK4,2,RTIGKGNFAKVKLVAIKIIKLFREVRIMKGLNPNIVKLFEVYLVMEYASAGEVFDYLVSYCHQKNIVHRDLKAENLLLIADFGFS,2.0,2.0,2.0,0.0
Q96Q04,LMR3,2,QEIGSGWFGKVILVVVKELKFISEAQPYRSLQPNVLQCLGLLLIMEFCQLGDLKRYLRAHLHSHNYVHSDLALRNCLLIGDYGLA,2.0,2.0,2.0,0.0
Q99570,PIK3R4,2,,,,,
Q9H2K8,TAO3,2,HEIGHGSFGAVYFVAIKKMDILKEVKFLRQLKPNTIEYKGCWLVMEYCLGSASDLLEVHYLHSHALIHRDIKAGNILLLADFGSA,2.0,2.0,2.0,0.0
Q9H792,SgK269,2,KPCCEAGDAVYYTYAVKIC_____S____HSLFNIQQDCGH__________________HLKPYHVTHCDLRLENLLLVSNFSQA,1.3647058823529412,0.0,2.0,0.0
Q9HAZ1,CLK4,2,DTLGEGAFGKVVEVAVKIVAARSEIQVLEHLNFRCVQMLEWCIVFELLG_LSTYDFIKEFLHHNKLTHTDLKPENILFVVDFGSA,1.9764705882352942,0.0,2.0,0.0
Q9HCP0,CK1g1,2,KKIGCGNFGELRLVAIKLEQLHLEYRFYKQLGEGLPQVYYFAMVLELLG_PSLEDLFDLYVHSKNLIYRDVKPENFLIIIDFGLA,1.9764705882352942,0.0,2.0,0.0
Q9NRH2,SNRK,2,QGPHMGHFAVVKLVAVKVIHLFQEVRCMKLVQPNIVRLYEVYLILELGDGGDMFDYIMKYCHKLHVVHRDLKPENVVFLTDFGFS,2.0,2.0,2.0,0.0
Q9UEE5,DRAK1,2,RELGRGKFAVVRKFAAKFMEIIHEIAVLELAQPWVINLHEVILVLEYAAGGEIFDQCV_FLHTRDVVHLDLKPQNILLIVDFGLS,1.9294117647058824,0.0,2.0,0.0
O00506,YSK1,1,DRIGKGSFGEVYKVAIKIIDIQQEITVLSQCDPYITRYFGSWIIMEYLGGGSALDLLKPYLHSERKIHRDIKAANVLLLAAFGVA,1.0,1.0,1.0,0.0
O43683,BUB1,1,HLLGEGAFAQVYEFVLKVQIGTQLMERLKPSMHMFMKFYSAVLVGELYSYGTLLNAINLQVHDCEIIHGDIKPDNFILLIDLGQS,1.0,1.0,1.0,0.0
O60566,BUBR1,1,ENVQPLRQGRIMSESACNNFEYEIRFYTGNDPDVWDRYISWQGGKESNMSTLLERAVEACNEPLDMYSYLHNQGIGVSWAEEYEA,1.0,1.0,1.0,0.0
P0C1S8,Wee1B,1,EKIGVGEFGTVYKYAIKRSSALHEVYAHAVLGPHVVRYYSSIIQNEYCNGGSLQAAISEYIHNSSMVHLDIKPSNIFIIGDLGHA,1.0,1.0,1.0,0.0
P25092,HSER,1,________________________________________TFGVIEYCERGSLREVLNDLHSSKTEVHGRLKSTNCVVITDFGC_,0.5176470588235295,0.0,1.0,0.0
P29323,EphB2,1,QVI____FGEVCSVAIKTLDFLSEASIMGQFDPNVIHLEGVMIITEFMENGSLDSFLRQYLADMNYVHRDLAARNILVVSDF___,0.9176470588235294,0.0,1.0,0.0
P34925,RYK,1,DVLQEGTFGRIFHAFVKTVMMLTESCKLRGLHRNLLPITHVMVILPYMNWGNLKLFLRQYLARREVIHKDLAARNCVIITDNALS,1.0,1.0,1.0,0.0
Q13705,ACTR2B,1,EIKARGRFGCVWKVAVKIFSWQSEREIFSTPGENLLQFIAAWLITAFHDKGSLTDYLKGEGHKPSIAHRDFKSKNVLLLADFGLA,1.0,1.0,1.0,0.0
Q15349,RSK1,1,KVLGQGSFGKVFLYAMKVL___MERDILADVNPFVVKLHYAYLILDFLRGGDLFTRLSKHLHSLGIIYRDLKPENILLLTDFGLS,0.9647058823529412,0.0,1.0,0.0
Q16566,CaMK4,1,SELGRGATSIVYRYALKVL_____IGVLLRLSPNIIKLKEISLVLELVTGGELFDRIVEYLHENGIVHRDLKPENLLYIADFG__,0.9176470588235294,0.0,1.0,0.0
Q5TCX8,MLK4,1,ELIGAG___QVYRVAVK__SVRREARLFAMLRPNIIELRGVCLVLEFARGGALNRALA_EEAFVPILHRDLKSSNILLITDFG_A,0.9176470588235294,0.0,1.0,0.0
Q86UE8,TLK2,1,HLLGRGGFSEVYKVAVKIHHACREYRIHKELDPRIVKLYDYCTVLEYCEGNDLDFYLKQNEIKPPIIHYDLKPGNILLITDFGLS,1.0,1.0,1.0,0.0
Q86YV5,SgK223,1,SVPVHFNIQQDCGSMLSAQ______________________VITREVPHQTASDFVRDSHLKEHGIIHRDLCLENLLLPRLIISN,0.7411764705882353,0.0,1.0,0.0
Q8IVW4,CDKL3,1,GKVGEGSYGTVMKVAIKIFIAMREIKFLKQFHENLVNLIEVHLVFEFID_HTVLDELQHYLHSNNIIHRDIKPENILVLCDFGFA,0.9882352941176471,0.0,1.0,0.0
Q92519,Trb2,1,LLLEPLEGDHVFRLVCKVFYQESLAPCFCLSASNINQITEIYVFFERSY_GDMHSFVRTHCHDGGLVLRDLKLRKFIFVKLESLE,0.9882352941176471,0.0,1.0,0.0
Q96GD4,AurB,1,RPLGKGKFGNVYLVALKVLQLRREIEIQAHLHPNILRLYNYYLILEYAPRGELYKELQKYCHGKKVIHRDIKPENLLLIADFG__,0.9764705882352941,0.0,1.0,0.0
Q9H4B4,PLK3,1,RLLGKGGFARCYEYAVKVIKILNEIELHRDLQRHIVRFSHHYIFLELCSRKSLAHIWKAYLHQRGILHRDLKLGNFFIVGDFGLA,1.0,1.0,1.0,0.0
Q9Y2K2,QSK,1,RTIGKGNFAVVKRVAIKIIKIFREVQIMKMLCPHIIRLYQVYLVTEYASGGEIFDHLVAFCHCRNIVHRDLKAENLLLIADFGFS,1.0,1.0,1.0,0.0
Q9Y572,RIPK3,1,ELVGKGG_GTVFRVAVKIVAISREVKAMASLDEFVLRLEGVALVTKFMENGSLSGLLQSHDQNPVLLHRDLKPSNVLLLADFGLS,0.9882352941176471,0.0,1.0,0.0
