uniprot_id,kinase_name,kinase_klifs_id,sequence_85aa,num_structures_used,num_missing_positions,missing_positions,source_pdbs,variations
O00141,SGK1,64,KVIGKGSFGKVLLYAVKVL_______VLLKNVPFLVGLHFSYFVLDYINGGELFYHLQRYLHSLNIVYRDLKPENILLLTDFGLC,4,7,"19,20,21,22,23,24,25","2r5t,3hdm,3hdn,7pue",None
O00311,CDC7,267,DKIGEGTFSSVYLIALKHLRIAAELQCLTVAGDNVMGVKYCVIAMPYLE_HESFLD__IRIHQFGIVHRDVKPSNFLYLVDFGLA,12,3,"49,56,57","4f99,4f9a,4f9b,4f9c,6ya6,6ya7,6ya8",None
O00329,p110d,1082,CTFMDSKMKPLWIIIFKNGDLRQDMLTLQMIQLRMTPYGCLTGLIEVVLSDTIANIQLNATYV__LGIGDRHSDNIMIHIDFGHF,17,2,"63,64","5dxu,5m6u,5t8f,5ubt,5vlr,6g6w,6oco,6ocu,6pyr,6pyu,7jis,7lm2,7lq1,8bcy",None
O14976,GAK,279,RVLAEGGFAFVYEYALKRLAIIQEVCFMKKLSPNIVQFCSALLLTELCK_GQLVEFLKKHRQKPPIIHRDLKVENLLLLCDFGSA,20,1,49,"4c57,4c58,4c59,4o38,4y8d,5y7z,5y80",None
O15264,p38d,251,THVGSGAYGSVCSVAIKKLRAYRELLLLKHMQENVIGLLDVYLVMPFMQ_TDLQKIMGMYIHSAGVVHRDLKPGNLAVILDFGLA,9,1,49,"3coi,4eyj,4eym,4yno,5ekn,5eko,8x23","pos58:[L(2),M(7)]"
O75460,IRE1,273,DVLGHGAEGTIVYVAVKRIFADREVQLLRESDPNVIRYFCTYIAIELCAA_TLQEYVEQHLHSLNIVHRDLKPHNILIISDFGLC,43,1,50,"3p23,4u6r,4yz9,4yzd,4z7g,4z7h,5hgi,6hv0,6hx1,6urc,6w39,6w3a,6w3b,6w3e,6w3k,6xdb,6xdf,7bmk","pos69:[D(42),N(1)]"
O76039,CDKL5,216,GVVGEGAYGVVLKVAIKKFTTLRELKMLRTLKENIVELKEAYLVFEYVE_KNMLELLEEWCHKNDIVHRDIKPENLLILCDFGFA,3,1,49,"4bgq,8cie",None
P06493,CDC2,197,EKIGEGTYGVVYKVAMKKITAIREISLLKELRPNIVSLQDVYLIFEFLS_MDLKKYLDSFCHSRRVLHRDLKPQNLLILADFGLA,27,1,49,"4y72,4yc3,4yc6,5hq0,5lqf,6gu2,6gu3,6gu4,6gu6,6gu7",None
P11802,CDK4,201,AEIGVGAYGTVYKVALKSVSTVREVALLRRLEPNVVRLMDVTLVFEHVD_QDLRTYLDKFLHANCIVHRDLKPENILVLADFGLA,16,1,49,"2w96,2w99,2w9f,2w9z,3g33,5fwk,5fwl,5fwm,5fwp,6p8e,6p8f,6p8g,6p8h",None
P19784,CK2a2,222,RKLGRGKYSEVFEVVVKILKIKREVKILENLRTNIIKLIDTALVFEYIN_NTDFKQLYQYCHSKGIMHRDVKPHNVMILIDWGLA,74,1,49,"3e3b,3ofm,5m4u,5m56,5ooi,5y9m,5yf9,5ywm,6hmb,6hmc,6hmd,6hmq,6l20,6qy8,6qy9,6te2,6tew,6tgu,7a1b,7a1z,7a22,7a2h,7at9,7atv,7xyh,8q77,8q9s,8qbu,8qcd,8qcg,8qf1",None
P24941,CDK2,198,EKIGEGTYGVVYKVALKKITAIREISLLKELNPNIVKLLDVYLVFEFLH_QDLKKFMDAFCHSHRVLHRDLKPQNLLILADFGLA,653,1,49,"1aq1,1b38,1b39,1buh,1ckp,1di8,1dm2,1e1v,1e1x,1f5q,1fin,1fvt,1fvv,1g5s,1gih,1gii,1gij,1gz8,1h00,1h01,1h07,1h08,1h0v,1h0w,1hck,1hcl,1jsv,1jvp,1ke5,1ke6,1ke7,1ke8,1ke9,1oiq,1oir,1oit,1okv,1okw,1ol1,1ol2,1p2a,1pf8,1pw2,1pxi,1pxj,1pxk,1pxl,1pxm,1pxn,1pxo,1pxp,1pye,1r78,1urc,1urw,1v1k,1vyw,1vyz,1w0x,1w8c,1wcc,1y8y,1y91,1ykr,2a0c,2a4l,2b52,2b53,2b54,2b55,2bhe,2bhh,2bkz,2bpm,2btr,2bts,2c4g,2c5n,2c5o,2c5v,2c5x,2c5y,2c68,2c69,2c6i,2c6k,2c6l,2c6m,2c6o,2clx,2ds1,2duv,2exm,2fvd,2i40,2j9m,2r3f,2r3g,2r3h,2r3i,2r3j,2r3k,2r3l,2r3m,2r3n,2r3o,2r3p,2r3q,2r3r,2r64,2uue,2uzn,2uzo,2v0d,2v22,2vta,2vth,2vti,2vtj,2vtl,2vtm,2vtn,2vto,2vtp,2vtq,2vtr,2vts,2vtt,2vu3,2vv9,2w05,2w06,2w17,2w1h,2wev,2wfy,2whb,2wih,2wip,2wpa,2wxv,2x1n,2xmy,2xnb,3eid,3ej1,3eoc,3ezr,3ezv,3f5x,3fz1,3ig7,3igg,3le6,3lfn,3lfq,3lfs,3ns9,3pj8,3pxf,3pxq,3pxr,3pxy,3pxz,3py0,3py1,3ql8,3qqf,3qqg,3qqh,3qqj,3qqk,3qql,3qrt,3qru,3qtq,3qtr,3qts,3qtu,3qtw,3qtx,3qtz,3qu0,3qwj,3qwk,3qx2,3qx4,3qxo,3qxp,3qzf,3qzg,3qzh,3qzi,3r1q,3r1s,3r1y,3r28,3r6x,3r71,3r73,3r7e,3r7i,3r7u,3r7v,3r7y,3r83,3r8l,3r8m,3r8p,3r8u,3r8v,3r8z,3r9d,3r9h,3r9n,3r9o,3rah,3rai,3rak,3ral,3rjc,3rk5,3rk7,3rk9,3rkb,3rm6,3rm7,3rmf,3rni,3roy,3rpo,3rpr,3rpv,3rpy,3rzb,3s00,3s0o,3s1h,3s2p,3sqq,3sw4,3sw7,3ti1,3tiy,3tiz,3uli,3unj,3unk,3wbl,4acm,4bgh,4bzd,4d1x,4d1z,4ek3,4ek4,4ek5,4ek6,4ek8,4erw,4ez3,4ez7,4fkg,4fki,4fkj,4fkl,4fko,4fkp,4fkq,4fkr,4fks,4fkt,4fku,4fkv,4fkw,4fx3,4gcj,4kd1,4lyn,4nj3,4rj3,5a14,5and,5ane,5ang,5ani,5anj,5ank,5ano,5d1j,5fp5,5fp6,5iev,5iex,5iey,5if1,5jq5,5jq8,5k4j,5mhq,5oo0,5oo1,5oo3,5osj,5osm,5uq1,5uq2,5uq3,6guh,6guk,6inl,6jgm,6oqi,6p3w,6q3b,6q3c,6q3f,6q48,6q49,6q4a,6q4b,6q4c,6q4d,6q4e,6q4f,6q4g,6q4h,6q4i,6q4j,6q4k,6yl1,6yl6,6ylk,7e34,7m2f,7nvq,7ra5,7rwe,7rwf,7rxo,7s4t,7s7a,7s84,7s85,7s9x,7sa0,7ug1,7uxi,7uxk,7vdu,7zpc,8cur,8erd,8ern,8fow,8fp0,8fp5,8oy2,8ru8,8uv0","pos2:[I(646),L(2)]; pos6:[Q(2),T(626)]; pos16:[K(650),X(1)]; pos35:[I(2),V(651)]; pos44:[C(11),F(642)]; pos46:[F(650),H(3)]; pos47:[L(650),V(3)]; pos53:[E(2),K(651)]; pos54:[K(646),T(3),V(2)]; pos57:[D(651),K(2)]; pos73:[N(2),Q(647)]"
P25092,HSER,340,________________________________________TFGVIEYCERGSLREVLNDLHSSKTEVHGRLKSTNCVVITDFGC_,1,41,"0,1,2,3,4,5,6,7,8,9,10,11,12,13,14,15,16,17,18,19,20,21,22,23,24,25,26,27,28,29,30,31,32,33,34,35,36,37,38,39,84",8fx4,None
P27361,Erk1,240,QYIGEGAYGMVSSVAIKKIRTLREIQILLRFRENVIGIRDIYIVQDLME_TDLYKLLKSYIHSANVLHRDLKPSNLLIICDFGLA,8,1,49,"4qtb,6ges",None
P28482,Erk2,239,SYIGEGAYGMVCSVAIKKIRTLREIKILLRFRENIIGINDIYIVQDLME_TDLYKLLKTYIHSANVLHRDLKPSNLLLICDFGLA,261,1,49,"1pme,1tvo,1wzy,2ojg,2oji,2ojj,2y9q,3i5z,3i60,3sa0,3tei,3w55,4fmq,4fux,4fuy,4fv0,4fv1,4fv2,4fv3,4fv4,4fv5,4fv6,4fv7,4fv8,4fv9,4g6n,4g6o,4h3p,4h3q,4iz5,4iz7,4iza,4n0s,4nif,4o6e,4qp1,4qp2,4qp3,4qp4,4qp6,4qp7,4qp8,4qp9,4qpa,4qta,4qte,4xj0,4zxt,4zzm,4zzn,4zzo,5ax3,5bue,5bui,5buj,5bvd,5bve,5bvf,5k4i,5lcj,5lck,5ngu,5nhf,5nhh,5nhj,5nhl,5nho,5nhp,5nhv,5wp1,6d5y,6dmg,6g54,6g8x,6g91,6g92,6g93,6g97,6g9a,6g9d,6g9h,6g9j,6g9k,6g9m,6g9n,6gdm,6gdq,6ge0,6gjb,6gjd,6nbs,6opi,6q7k,6q7s,6q7t,6qa1,6qa3,6qa4,6qag,6qah,6qal,6qaq,6qaw,6rfo,6rq4,6slg,7auv,7e73,7e75,7nqq,7nqw,7nr3,7nr5,7nr8,7nr9,7w5o,7x4u,7xc1,8ao2,8ao3,8ao4,8ao5,8ao6,8ao7,8ao8,8ao9,8aoa,8aob,8aoc,8aod,8aoe,8aof,8aog,8aoh,8aoi,8aoj,8psr,8pst,8psw,8psy,8pt0,8pt1,8pt3,8pt5","pos7:[H(1),Y(245)]; pos8:[C(1),G(260)]; pos29:[A(4),R(257)]; pos42:[I(260),L(1)]; pos44:[Q(260),T(1)]; pos45:[D(260),H(1)]; pos48:[E(260),G(1)]; pos50:[A(1),T(260)]; pos79:[C(244),L(1)]; pos82:[D(1),G(260)]"
P29323,EphB2,418,QVI____FGEVCSVAIKTLDFLSEASIMGQFDPNVIHLEGVMIITEFMENGSLDSFLRQYLADMNYVHRDLAARNILVVSDF___,1,7,"3,4,5,6,82,83,84",3zfm,None
P33981,TTK,326,KQIGSGGSSKVFQYAIKYVSYRNEIAYLNKLQDKIIRLYDYYMVMECGN_IDLNSWLKKTIHQHGIVHSDLKPANFLILIDFGIA,51,1,49,"2x9e,2zmc,2zmd,3cek,3dbq,3gfw,3hmn,3hmo,3hmp,3vqu,3w1f,3wyx,3wyy,3wzj,3wzk,4bhz,4bi0,4bi1,4bi2,4c4h,4c4i,4cv8,4d2s,4jt3,4o6l,4zeg,5ap2,5ap5,5ap6,5ap7,5eh0,5ehl,5eho,5ehy,5ei2,5ei6,5ei8,5ljj,5mrb,5n84,5o91,6b4w,6gvj,6h3k,6n6o,6tn9,6tnd,7lqd","pos46:[C(45),W(4),Y(2)]; pos54:[G(1),S(50)]"
P42336,p110a,1087,CRIMSSAKRPLWLIIFKNGDLRQDMLTLQIIRLRMLPYGCLVGLIEVVRSHTIMQIQCKATFI__LGIGDRHNSNIMVHIDFGHF,119,2,"63,64","2rd0,3hhm,3hiz,3zim,4jps,4l1b,4l23,4l2y,4ovu,4ovv,4tuu,4tv3,4waf,4ykn,4zop,5dxh,5dxt,5fi4,5itd,5ubr,5uk8,5ukj,5ul1,5xgh,5xgi,5xgj,6gvf,6gvg,6gvh,6gvi,6nct,6oac,6pys,7jiu,7k6m,7k6n,7k6o,7k71,7mlk,7myn,7myo,7pg5,7pg6,7r9v,7r9y,7tz7,8am0,8bfu,8bfv,8dcp,8dcx,8dd4,8dd8,8exl,8exo,8exu,8exv,8gua,8gub,8gud,8ilr,8ils,8ilv,8ow2,8sbc,8sbj,8tdu,8tgd,8ts7,8ts8,8ts9,8tsa,8tsb,8tsc,8tsd,8tu6,8twy,8v8h,8v8i,8v8j,8v8u,8v8v,8w9a,8w9b","pos1:[E(5),R(112)]; pos11:[K(9),W(108)]; pos14:[I(106),M(11)]; pos46:[V(108),W(9)]; pos78:[F(2),H(117)]; pos79:[I(117),S(2)]; pos80:[D(117),S(2)]; pos81:[F(117),V(2)]; pos82:[G(117),V(2)]; pos83:[E(2),H(117)]; pos84:[F(116),L(2)]"
P42345,FRAP,97,LQVITSKQRPRKLFLLKGHDLRQDERVMQLFGLSIQRYAVISGLIGWVPCDTLHALIRDVGYI__LGLGDRHPSNLMLHIDFGDC,43,2,"63,64","3jbz,4jsn,4jsp,4jsv,4jsx,4jt5,4jt6,5flc,5h64,5wbu,5wby,5zcs,6sb0,6sb2,6zwm,6zwo,7pe7,7pe8,7pe9,7pea,7peb,7pec,7tzo,7uxc,8era,9f44,9f45",None
P42356,PI4KA,1096,_PMQSAAKAPYLAAIFKVGDCRQDMLALQIIDLFVFPYRVVCGVIECIPDCTSRDQLG_LLFL__LQIKDRHNGNIMLHIDFGFM,2,4,"0,58,63,64",6bq1,None
P45983,JNK1,245,KPIGSGAQGIVCAVAIKKLRAYRELVLMKCVNKNIIGLLNVYIVMELMD_ANLCQVIQMHLHSAGIIHRDLKPSNIVVILDFGLA,70,1,49,"1ukh,1uki,2g01,2gmx,2h96,2no3,2xrw,2xs0,3elj,3o17,3o2m,3pze,3v3v,3vud,3vug,3vuh,3vui,3vuk,3vul,3vum,4awi,4e73,4g1w,4hys,4hyu,4izy,4l7f,4qtd,4ux9,4yr8,5len,5lw1,6f5e,6zr5,8pt8,8pt9,8pta,8x5m","pos11:[C(69),V(1)]; pos29:[C(66),V(4)]; pos53:[C(64),S(6)]; pos84:[A(52),V(3)]"
P45984,JNK2,246,KPIGSGAQGIVCAVAVKKLRAYRELVLLKCVNKNIISLLNVYLVMELMD_ANLCQVIHMHLHSAGIIHRDLKPSNIVVILDFGLA,11,1,49,"3e7o,3npc,7cml,7n8t,8elc",None
P45985,MAP2K4,387,GEIGRGAYGSVNKMAVKRIQLLMDLDVVMRSSPYIVQFYGAWICMELMS_TSFDKFYKYLKENLKIIHRDIKPSNILLLCDFGIS,6,1,49,"3aln,3alo,3vut",None
P48729,CK1a,184,RKIGSGSFGDIYLVAVKLEQLLYESKLYKILQVGIPHIRWYVLVMDLLG_PSLEDLFNFYVHTKNFIHRDIKPDNFLMLIDFGLA,5,1,49,"5fqd,6gzd,8g66","pos21:[H(2),L(3)]"
P48730,CK1d,186,RKIGSGSFGDIYLVAIKLEQLHIESKIYKMMQVGIPTIRWCVMVMELLG_PSLEDLFNFYIHSKNFIHRDVKPDNFLMIIDFGLA,154,1,49,"3uys,3uyt,3uzp,4hgt,4hnf,4kb8,4kba,4kbc,4kbk,4tn6,4tw9,4twc,5ih4,5ih5,5ih6,5mqv,5okt,5w4w,6f1w,6f26,6gzm,6hmp,6hmr,6pxn,6pxo,6pxp,6rcg,6rch,6ru6,6ru7,6ru8,7p7h,7qr9,7qra,7qrb,8d7m,8d7n,8d7o,8d7p,8izc","pos0:[N(12),R(142)]"
P48736,p110g,1081,CKVMASKKKPLWLIIFKHGDLRQDMLILQILRLCLLPYGCIIGMIEIVKATTIAKIQQSATFV__LGIGDRHNDNIMIHIDFGHI,114,2,"63,64","1e8y,1e8z,1he8,2a4z,2a5u,2chw,2chx,2chz,2v4l,3apc,3apd,3apf,3csf,3cst,3dbs,3dpd,3ene,3ibe,3l08,3l13,3l16,3l17,3l54,3lj3,3mjw,3ml8,3ml9,3nzs,3nzu,3oaw,3p2b,3pre,3prz,3ps6,3qaq,3qar,3qjz,3qk0,3r7q,3r7r,3s2a,3sd5,3t8m,3tjp,3tl5,3zvv,3zw3,4anu,4anv,4anw,4anx,4aof,4dk5,4ezj,4ezk,4ezl,4f1s,4fa6,4fad,4fhj,4fhk,4fjy,4fjz,4flh,4ful,4g11,4gb9,4hle,4hvb,4j6i,4kz0,4kzc,4ps3,4ps7,4ps8,4urk,4wwn,4wwo,4wwp,4xx5,4xz4,5eds,5g2n,5g55,5jha,5jhb,5kae,5oq4,5t23,6aud,6c1s,6fh5,6gq7,6t3b,6t3c,6xrl,6xrm,6xrn,7jwe,7jwz,7jx0,7kke,7mez,7z61,8dp0,8sc8","pos1:[K(109),T(5)]"
P49336,CDK8,205,CKVGRGTYGHVYKYALKQISACREIALLRELKPNVISLQKVWLLFDYAE_HDLWHIIKFYLHANWVLHRDLKPANILVIADMGFA,47,1,49,"3rgf,4crl,4f6s,4f6u,4f6w,4f70,4f7j,4f7l,4f7n,4f7s,4g6l,5bnj,5cei,5fgk,5hbe,5hbh,5hbj,5hnb,5hvy,5i5z,5icp,5idn,5idp,5xqx,5xs2,6qtg,6qtj,6r3s,6t41,6tpa,6y0a",None
P49674,CK1e,187,RKIGSGSFGDIYLVAIKLEQLHIESKFYKMMQVGIPSIKWCVMVMELLG_PSLEDLFNFYIHSKNFIHRDVKPDNFLMIIDFGLA,14,1,49,"4hni,4hok",None
P49759,CLK1,223,DTLGEGAFGKVVEVAVKIVAARSEIQVLEHLNFRCVQMLEWCIVFELLG_LSTYDFIKEFLHSNKLTHTDLKPENILFVVDFGSA,96,1,49,"1z57,5j1v,5j1w,5x8i,6ft8,6ft9,6fyo,6g33,6i5h,6i5i,6i5k,6i5l,6khd,6q8k,6q8p,6qty,6r3d,6r6e,6r6x,6r8j,6raa,6tw2,6yta,6ytd,6yte,6ytg,6yth,6yti,6z4z,6z50,6zln,7ak3,7o9y,7oa0,7opg,8p04,8p08","pos79:[A(2),V(94)]"
P49760,CLK2,224,STLGEGTFGRVVQVALKIIAARLEINVLEKINNLCVQMFDWCISFELLG_LSTFDFLKDFLHDNKLTHTDLKPENILFVVDFGSA,15,1,49,"3nr9,5unp,6fyi,6fyk,6fyl,6khe",None
P49761,CLK3,225,GNLGEGTFGKVVEVALKIIAARLEINVLKKIKFLCVLMSDWCIAFELLG_KNTFEFLKEFLHENQLTHTDLKPENILFVADFGSA,54,1,49,"2eu9,2exe,2wu6,2wu7,3raw,6ft7,6fyp,6fyr,6khf,6rct,6ytw,6yty,6yu1,6z2v,6z51,6z52,6z53,6z54,6z55","pos79:[A(50),V(4)]"
P49841,GSK3B,238,KVIGNGSFGVVYQVAIKKVFKNRELQIMRKLDCNIVRLRYFNLVLDYVP_ETVYRVARHYIHSFGICHRDIKPQNLLLLCDFGSA,102,1,49,"1h8f,1i09,1j1b,1j1c,1pyx,1q3d,1q3w,1q41,1q4l,1q5k,1r0e,1uv5,2jld,2o5k,3du8,3i4b,3l1s,3m1s,3pup,3q3b,3sd0,4acc,4acd,4acg,4ach,4b7t,4iq6,4nm0,4nm5,4nm7,4ptc,4pte,4ptg,5f94,5f95,6gjo,6h0u,7oy5,7u2z,7u31,7u33,7u36,7z1g,8djc,8djd,8dje,8ff8",None
P50613,CDK7,204,DFLGEGQFATVYKVAIKKITALREIKLLQELSPNIIGLLDASLVFDFME_TDLEVIIKDYLHQHWILHRDLKPNNLLLLADFGLA,10,1,49,"6o9l,7b5o,7b5q,7nvr,8bvw,8byq,8p4z","pos0:[D(8),R(2)]; pos2:[C(2),L(8)]; pos3:[G(8),Q(2)]; pos6:[C(2),Q(8)]; pos7:[F(8),N(2)]; pos8:[A(8),N(2)]; pos9:[M(2),T(8)]; pos10:[L(2),V(8)]; pos12:[K(8),P(2)]; pos13:[L(2),V(8)]; pos21:[C(2),L(8)]; pos23:[E(8),N(2)]; pos24:[C(2),I(8)]; pos25:[D(2),K(8)]; pos26:[L(8),Y(2)]; pos27:[L(8),Q(2)]; pos30:[A(2),L(8)]; pos31:[D(2),S(8)]; pos34:[I(8),S(2)]; pos35:[C(2),I(8)]; pos36:[G(8),I(2)]; pos37:[L(8),Y(2)]; pos38:[L(8),V(2)]; pos39:[D(8),N(2)]; pos40:[A(8),K(2)]; pos53:[E(8),T(2)]; pos54:[Q(2),V(8)]; pos57:[A(2),K(8)]; pos59:[D(2),Y(8)]; pos68:[P(2),R(8)]; pos69:[C(2),D(8)]; pos70:[L(8),Q(2)]; pos72:[C(2),P(8)]; pos78:[E(2),L(8)]; pos80:[D(8),V(2)]"
P52564,MAP2K6,386,MELGRGAYGVVEKMAVKRIRLLMDLDISMRTVPFTVTFYGAWICMELMD_TSLDKFYKQLHSKLSVIHRDVKPSNVLIMCDFGIS,13,1,49,"3enm,3fme,3vn9,8a8m,8p7j,8pm3",None
P53778,p38g,252,RPVGSGAYGAVCSVAIKKLRAYRELRLLKHMRENVIGLLDVYLVMPFMG_TDLGKLMKHYIHAAGIIHRDLKPGNLAVILDFGLA,5,1,49,"6una,7cga","pos0:[Q(1),R(4)]"
P53779,JNK3,247,KPIGSGAQGIVCAVAIKKLRAYRELVLMKCVNKNIISLLNVYLVMELMD_ANLCQVIQMHLHSAGIIHRDLKPSNIVVILDFGLA,102,1,49,"1jnk,1pmn,1pmq,1pmu,1pmv,2b1p,2exc,2o0u,2o2u,2ok1,2p33,2r9s,2waj,2zdt,2zdu,3cgf,3cgo,3da6,3fi2,3fi3,3fv8,3g90,3g9l,3g9n,3kvx,3oxi,3oy1,3ptg,3rtp,3tti,3ttj,3v6r,3v6s,4h36,4h39,4h3b,4kke,4kkg,4kkh,4u79,4w4v,4w4w,4w4x,4w4y,4whz,4x21,4y46,4y5h,4z9l,6ekd,6emh,6eq9,7ksi,7ksj,7ksk,7ore,7orf,7s1n,7yl1,8bzp,8enj,8wgf","pos53:[C(94),X(2)]; pos83:[L(99),V(1)]"
P68400,CK2a1,221,RKLGRGKYSEVFEVVVKILKIKREIKILENLRPNIITLADIALVFEHVN_NTDFKQ__LYCHSMGIMHRDVKPHNVMILIDWGLA,593,3,"49,56,57","1jwh,1na7,1pjk,2pvr,2zjw,3amy,3at2,3at3,3at4,3axw,3bqc,3c13,3fwq,3h30,3juh,3mb6,3mb7,3nga,3nsz,3owj,3owk,3owl,3pe1,3pe2,3q04,3q9w,3q9x,3q9y,3q9z,3qa0,3r0t,3rps,3u4u,3u87,3u9c,3w8l,3war,3wik,3wil,3wow,4bxa,4bxb,4dgl,4fbx,4grb,4gub,4ib5,4kwp,4md7,4md8,4md9,4nh1,4rll,4ub7,4uba,5b0x,5clp,5cqu,5cqw,5cs6,5csh,5csp,5csv,5ct0,5ctp,5cu0,5cu2,5cu3,5cu4,5cu6,5cvf,5cvg,5cvh,5cx9,5h8b,5h8e,5h8g,5ku8,5kwh,5m44,5m4c,5m4f,5m4i,5mmf,5mmr,5mo5,5mo6,5mo7,5mo8,5mod,5moe,5moh,5mot,5mov,5mow,5mp8,5mpj,5n1v,5n9k,5n9l,5n9n,5nqc,5omy,5oni,5oqu,5orh,5orj,5ork,5os7,5os8,5osl,5osp,5osr,5osu,5osz,5ot5,5ot6,5otd,5oth,5oti,5otl,5oto,5otp,5otq,5otr,5ots,5oty,5otz,5oue,5oul,5oum,5ouu,5owh,5owl,5oyf,5t1h,5zn0,5zn1,5zn2,5zn3,5zn4,5zn5,6a1c,6ehk,6ehu,6eii,6fvf,6fvg,6gih,6gmd,6hbn,6hme,6hnw,6hny,6hop,6hoq,6hor,6hot,6hou,6jwa,6l1z,6l21,6l22,6l23,6l24,6q38,6q4q,6qy7,6rb1,6rcb,6rcm,6rfe,6rff,6spw,6spx,6tei,6tll,6tlo,6tlp,6tlr,6tls,6tlu,6tlv,6tlw,6ypg,6yph,6ypj,6ypk,6ypn,6yul,6yum,6yzh,6z83,6z84,7a49,7a4b,7a4c,7a4q,7at5,7ay9,7aya,7b8h,7b8i,7bu4,7l1x,7psu,7qgb,7qgc,7qgd,7qge,7x4h,7z39,7zwe,7zwg,7zy0,7zy2,7zy5,7zy8,7zyd,7zyk,7zyo,7zyr,8ae7,8aec,8aek,8aem,8bgc,8c5q,8c6l,8c6m,8c6n,8p05,8p06,8p07,8pvo,8pvp,8qwy,8qwz","pos14:[A(4),V(589)]; pos46:[H(587),Y(4)]; pos47:[I(4),V(587)]; pos53:[E(12),F(571)]; pos60:[A(12),C(580)]; pos61:[A(2),H(587),N(2),S(2)]; pos73:[A(1),H(587)]; pos76:[L(4),M(587)]"
P78362,SRPK2,257,RKLGWGHFSTVWLVAMKVVTALDEIKLLKCVRDMVVQLIDDCMVFEVLG_HHLLKWIIKLHSKCKIIHTDIKPENILMIADLGNA,11,1,49,"2x7g,5myv,7zkx",None
P78368,CK1g2,188,KKIG_____ELRLVAIKLEQLHLEYRFYKQLSEGVPQVYYFAMVLELLG_PSLEDLFDLYVHTKSLIYRDVKPENFLVIIDFGLA,8,6,"4,5,6,7,8,49",2c47,None
Q00532,CDKL1,217,GKIGEGSYGVVFKVAIKKFIALREIRMLKQLKPNLVNLLEVHLVFEYCD_HTVLHELDRFCHKHNCIHRDVKPENILILCDFGFA,3,1,49,4agu,None
Q00534,CDK6,202,AEIGEGAYGKVFKVALKRVSTIREVAVLRHLEPNVVRLFDVTLVFEHVD_QDLTTYLDKFLHSHRVVHRDLKPQNILVLADFGLA,21,1,49,"1bi7,1bi8,1blx,1g3n,1jow,1xo2,2euf,2f2c,3nup,3nux,4aua,4ez5,4tth,5l2i,5l2s,5l2t,6oql,6oqo,8i0m",None
Q00535,CDK5,203,EKIGEGTYGTVFKVALKRVSALREICLLKELKKNIVRLHDVTLVFEFCD_QDLKKYFDSFCHSRNVLHRDLKPQNLLILADFGLA,19,1,49,"1h4l,1ung,1unh,1unl,3o0g,4au8,7vdp,7vdq,7vdr,7vds","pos80:[D(11),N(8)]"
Q00536,PCTAIRE1,210,DKLGEGTYATVYKVALKEITAIREVSLLKDLKANIVTLHDITLVFEYLD_KDLKQYLDDYCHRQKVLHRDLKPQNLLILADFGLA,4,1,49,"3mtl,5g6v",None
Q05823,RNAseL,303,YKIADTSEGGIYLVAVKTFRAQREVSCLQSSRSHLVTFYGSFVCVTLCEQ_TLEACLDVLHLSCGYTHQDLQPQNILILADFDKS,3,1,50,"4oau,4oav",None
Q13164,Erk5,243,ETIGNGAYGVVSSVAIKKIRTLRELKILKHFKDNIIAIKDIYVVLDLME_SDLHQIIHSYMHSAQVIHRDLKPSNLLVIGDFGMA,21,1,49,"4b99,4ic7,4ic8,4zsg,4zsj,4zsl,5byy,5byz,5o7i,6hkm,6hkn,7pus",None
Q13315,ATM,94,LAGGVNLPKIIDCQLVKGRDLRQDAVMQQVFQLTICTYKVVSGVLEWCTTVPIGEFLVNVGYI__LGLGDRHVQNILIHIDLGVA,15,2,"63,64","5np0,5np1,6k9k,6k9l,7ni4,7ni5,7ni6,7sic,7sid,8oxm,8oxo,8oxp,8oxq",None
Q13523,PRP4,236,GYTGQGVFSNVVRVAVKIITGLKELEFLSKYIFQGGRLLRHCLVFEPAS_MNLRGILKKLLKRCNILHADIKPDNILVLCDFG__,5,3,"49,83,84","6cnh,8h6e,8h6j","pos28:[K(2),S(3)]; pos30:[L(2),Y(3)]; pos31:[I(3),N(2)]; pos33:[H(2),Q(3)]; pos34:[C(2),G(3)]; pos35:[G(3),L(2)]; pos47:[A(3),L(2)]; pos54:[E(2),G(3)]; pos55:[I(3),V(2)]"
Q13535,ATR,95,LASLQKPKKISLKMMCKPKDLRKDCRLMEFNSLHIRTYAVICGIIEWVNTAGLRPILTKVGYI__LGLGDRHGENILFHVDFNCL,2,2,"63,64",5yz0,None
Q13554,CaMK2b,114,EDIGK___SVVRRYAAKIIKLEREARICRLLKSNIVRLHDSYLVFDLVTGGELFEDIVAHCHQMGVVHRDLKPENLLLLADFGLA,4,3,"5,6,7",3bhh,None
Q13873,BMPR2,526,ELIGRGRYGAVYKVAVKVFNFINEKNIYRVPLDNIARFIVGLLVMEYYPNGSL_KYLSLDHYKPAISHRDLNSRNVLVISDFGLS,6,1,53,"3g2f,6unp",None
Q15349,RSK1,53,KVLGQGSFGKVFLYAMKVL___MERDILADVNPFVVKLHYAYLILDFLRGGDLFTRLSKHLHSLGIIYRDLKPENILLLTDFGLS,1,3,"19,20,21",8xov,None
Q15418,RSK3,54,KVLGQGSFGKVFLYAMKVL_______ILADVNPFVVKLHYAYLILDFLRGGDLFTRLSKHLHSLGIIYRDLKPENILLLTDFGLS,3,7,"19,20,21,22,23,24,25","2z7q,2z7r,2z7s",None
Q15759,p38b,250,RPVGSGAYGSVCSVAVKKLRTYRELRLLKHLKENVIGLLDVYLVTTLMG_ADLNNIVKCYIHSAGIIHRDLKPSNVAVILDFGLA,7,1,49,"3gc8,3gc9,3gp0,8ygw","pos58:[C(5),S(2)]"
Q16539,p38a,249,SPVGSGAYGSVCAVAVKKLRTYRELRLLKHMKENVIGLLDVYLVTHLMG_ADLNNIVKCYIHSADIIHRDLKPSNLAVILDFGLA,348,1,49,"1a9u,1bl6,1bl7,1bmk,1di9,1kv1,1kv2,1m7q,1ouk,1ouy,1ove,1oz1,1r39,1r3c,1w7h,1w82,1w83,1w84,1wbn,1wbo,1wbs,1wbt,1wbv,1wbw,1wfc,1yqj,1zyj,1zz2,1zzl,2baj,2bak,2bal,2baq,2fsl,2fsm,2fso,2fst,2gfs,2i0h,2lgc,2npq,2okr,2onl,2qd9,2rg5,2rg6,2y8o,2yis,2yiw,2yix,2zaz,2zb0,2zb1,3bv2,3bv3,3bx5,3c5u,3ctq,3d7z,3d83,3ds6,3dt1,3e92,3e93,3fc1,3fi4,3fkl,3fkn,3fko,3fl4,3fln,3flq,3fls,3flw,3fly,3flz,3fmh,3fmj,3fmk,3fml,3fmm,3fmn,3fsf,3fsk,3gc7,3gcp,3gcq,3gcs,3gcu,3gcv,3gfe,3gi3,3ha8,3hec,3heg,3hl7,3hll,3hp2,3hp5,3hrb,3hub,3huc,3hv3,3hv4,3hv5,3hv6,3hv7,3hvc,3iph,3itz,3iw5,3iw6,3iw7,3iw8,3k3i,3k3j,3kf7,3kq7,3l8s,3l8x,3lfa,3lfb,3lfc,3lfd,3lfe,3lff,3lhj,3mgy,3mh0,3mh1,3mh2,3mh3,3mpa,3mpt,3mvl,3mvm,3mw1,3new,3nnu,3nnv,3nnw,3nww,3o8p,3o8t,3o8u,3obg,3obj,3oc1,3ocg,3od6,3ody,3odz,3oef,3pg3,3qud,3que,3rin,3roc,3s3i,3s4q,3u8w,3uvp,3uvq,3uvr,3zs5,3zsg,3zsh,3zsi,3zya,4a9y,4aa0,4aa4,4aa5,4aac,4dli,4dlj,4e5a,4e5b,4e6a,4e6c,4e8a,4eh2,4eh3,4eh4,4eh5,4eh6,4eh7,4eh8,4eh9,4ehv,4f9w,4f9y,4fa2,4geo,4kin,4kip,4kiq,4l8m,4r3c,4zth,5eta,5etc,5etf,5eti,5ml5,5mtx,5mty,5mz3,5n63,5n64,5n65,5n66,5n67,5n68,5o8u,5o8v,5omg,5omh,5tbe,5tco,5wjj,5xyx,5xyy,6anl,6hwt,6hwu,6hwv,6m95,6m9l,6ohd,6qdz,6qe1,6qyx,6sfi,6sfj,6sfk,6sfo,6zwp,8a8m","pos2:[I(1),V(347)]; pos16:[K(345),R(3)]; pos56:[L(6),V(310)]; pos57:[K(291),L(5),T(5)]; pos58:[C(239),L(4),S(33),T(2)]; pos79:[C(1),L(347)]; pos80:[D(346),G(2)]; pos81:[A(1),F(323),Y(2)]; pos83:[L(233),M(1),V(11)]; pos84:[A(193),C(4),V(8)]"
Q16566,CaMK4,108,SELGRGATSIVYRYALKVL_____IGVLLRLSPNIIKLKEISLVLELVTGGELFDRIVEYLHENGIVHRDLKPENLLYIADFG__,1,7,"19,20,21,22,23,83,84",2w4o,None
Q16659,Erk3,242,KPLGCGGNGLVFSVAIKKIHALREIKIIRRLDDNIVKVFEIYIVQEYME_TDLANVLEQYIHSANVLHRDLKPANLFIIGDFGLA,20,1,49,"2i6l,6yky,6ylc,6yll,7aqb",None
Q5TCX8,MLK4,503,ELIGAG___QVYRVAVK__SVRREARLFAMLRPNIIELRGVCLVLEFARGGALNRALA_EEAFVPILHRDLKSSNILLITDFG_A,1,7,"6,7,8,17,18,58,83",4uya,None
Q5TCY1,TTBK1,191,KKIGGGGFGEIYEVALKVEVLKMEVAVLKKLQDHVCRFIGCYVVMQLQG_RNLADLRRSAIHSVGFLHRDIKPSNFAMMLDFGLA,24,1,49,"4btj,4btk,4btm,4nfm,4nfn,7jxx,7jxy,7q8v,7q8w,7qhw,7zhn,7zho,7zhp,7zhq,8xpz",None
Q6IQ55,TTBK2,192,RKIGGGGFGEIYDVALKVEVLKMEVAVLKKLQDHVCRFIGCYVVMQLQG_RNLADLRRSSIHSVGFLHRDIKPSNFAMMLDFGLA,14,1,49,"6u0k,6vrf,7q8y,7q8z,7q90",None
Q86Y07,VRK2,194,KKIGSGGFGLIYLHVVKVEPLFSELKFYQRVALGIPLFYGSFMVMERLG_IDLQKISGQYIHENEYVHGDIKAANLLLLADYGLS,10,1,49,"2v62,5tkx,5uu1,6ncg,8q1z",None
Q86YV5,SgK223,297,SVPVHFNIQQDCGSMLSAQ______________________VITREVPHQTASDFVRDSHLKEHGIIHRDLCLENLLLPRLIISN,1,22,"19,20,21,22,23,24,25,26,27,28,29,30,31,32,33,34,35,36,37,38,39,40",5ve6,None
Q86YV6,SgK085,157,EILGGG__GQVHKLAAKIIEVKNEISVMNQLDANLIQLYDAVLVMEYVDGGELFDRIIDHMHQMYILHLDLKPENILCIIDFGLA,4,2,"6,7",2x4f,None
Q8IV63,VRK3,195,SFQTRDNQGILYEFSLKLDLQVNKWKKLYSTPLAIPTCMGFFLVLPSLG_RSLQSALDVFLHENEYVHGNVTAENIFVLAGYGFA,4,1,49,2jii,None
Q8IVW4,CDKL3,219,GKVGEGSYGTVMKVAIKIFIAMREIKFLKQFHENLVNLIEVHLVFEFID_HTVLDELQHYLHSNNIIHRDIKPENILVLCDFGFA,1,1,49,3zdu,None
Q8N2I9,SgK495,169,___________________GKRAKRFILFILLRQGKMLLHTFSDKTADLNLQHYVIKEKALHQKNIVHRDLKLGNMVLITNFCLG,8,19,"0,1,2,3,4,5,6,7,8,9,10,11,12,13,14,15,16,17,18",5l2q,"pos20:[K(2),N(2)]; pos21:[N(2),R(2)]; pos23:[G(2),K(2)]; pos24:[P(2),R(2)]; pos25:[A(2),F(2)]; pos26:[G(2),I(2)]; pos27:[L(2),P(2)]; pos28:[F(2),G(2)]; pos29:[I(2),P(2)]; pos30:[L(2),R(2)]; pos31:[G(2),L(4)]; pos32:[E(2),F(2),R(4)]; pos33:[E(2),Q(4),Y(2)]; pos34:[G(4),I(2),Q(2)]; pos35:[E(2),K(4),L(2)]; pos36:[K(2),M(4),S(2)]; pos37:[I(2),L(4),Q(2)]; pos38:[E(2),L(6)]; pos39:[E(2),H(4),T(2)]; pos40:[L(2),R(2),T(4)]; pos41:[A(2),F(6)]; pos42:[H(2),S(6)]"
Q8NEB9,PIK3C3,1088,ATLFKSALMPAQLVIFKHGDLRQDQLILQIISLKLTPYKVLHGFMQFIQSVPVAEVLDTITYI__LGVGDRHLDNLLLHIDFGYI,35,2,"63,64","3ihy,3ls8,4oys,4ph4,4uwf,4uwg,4uwh,4uwk,4uwl,5anl,5enn,6i3u,6ykg,7bl1,7rsj,7rsp,7rsv,8sor","pos0:[A(34),R(1)]; pos1:[I(1),T(34)]; pos2:[G(1),L(34)]; pos3:[A(2),F(32),G(1)]; pos4:[K(34),R(1)]; pos5:[S(34),V(1)]; pos6:[A(34),K(1)]; pos7:[L(32),N(2),T(1)]; pos8:[L(1),M(34)]; pos9:[P(34),T(1)]; pos10:[A(34),F(1)]; pos11:[C(1),Q(34)]; pos12:[L(34),Q(1)]; pos14:[I(32),L(2),T(1)]; pos15:[A(1),F(34)]; pos16:[K(34),S(1)]; pos17:[H(34),R(1)]; pos18:[D(1),G(34)]; pos44:[L(2),M(32)]; pos46:[F(32),W(2)]"
Q8TCG2,PI4K2B,1091,ERISQGSSGSYFVGVFKPKGYLSEAGAYLVDNSIVPKTKVVGSFQLFVEYKEAEYWLRKLDYI__IRNTDRGNDNWLVAIDNGLA,5,2,"63,64","4wtv,8a5x",None
Q8TF76,Haspin,268,EKIGEGVFGEVFQVAIKIIEILPEIIISKELSEGFIGLNSVVLEFEFGG_IDLEQMRTKAEASLRFEHRDLHWGNVLLIIDYTLS,66,1,49,"2vuw,2wb8,3dlz,3e7v,3f2n,3fmd,3iq7,4ouc,4qtc,5htb,5htc,6g34,6g35,6g36,6g37,6g38,6g39,6g3a,6z56,6z57,6z58,6z59,6z5a,6z5b,6z5c,6z5d,6z5e,7avq,7ops,7sqm,8rdk","pos44:[F(60),T(2),Y(4)]"
Q92519,Trb2,171,LLLEPLEGDHVFRLVCKVFYQESLAPCFCLSASNINQITEIYVFFERSY_GDMHSFVRTHCHDGGLVLRDLKLRKFIFVKLESLE,1,1,49,7upm,None
Q92772,CDKL2,218,GLVGEGSYGMVMKVAIKKFIAMREIKLLKQLRENLVNLLEVYLVFEFVD_HTILDDLELFCHSHNIIHRDIKPENILVLCDFGFA,4,1,49,"4aaa,4bbm",None
Q96GD4,AurB,261,RPLGKGKFGNVYLVALKVLQLRREIEIQAHLHPNILRLYNYYLILEYAPRGELYKELQKYCHGKKVIHRDIKPENLLLIADFG__,1,2,"83,84",4af3,None
Q96GX5,MASTL,22,KPISRGAFGKVYLYAVKVV________LALSKPFIVHLYYSYLVMEYLIGGDVKSLLHIYLHRHGIIHRDLKPDNMLILTDFGLS,4,8,"19,20,21,22,23,24,25,26",5loh,"pos84:[G(2),S(2)]"
Q96PY6,NEK1,281,QKIG_____KAILYVIKEIESRREVAVLANMKPNIVQYRESYIVMDYCEGGDLFKRINAHVHDRKILHRDIKSQNIFLLGDFGIA,8,5,"4,5,6,7,8","4apc,4b9d",None
Q96Q15,SMG1,98,LPTKTKPKKLLFLYLFKGLDLHLDERIMQFLSFHARHYSVTSGLIQWVDATPLFGLYKRVGYI__IGLGDRHLDNVLIHIDYNVC,10,2,"63,64","6l53,6l54,6syt,6z3r,7pw4,7pw5,7pw6,7pw7,7pw8,7pw9","pos69:[A(1),D(9)]"
Q96RU8,Trb1,170,LLLPLAEREHVSRLRCKVFYQDKIRPYIQLPSSNITGIVEVYVFFEKDF_GDMHSYVRSHCHQSAIVLGDLKLRKFVFLRLESLE,7,1,49,"5cek,5cem,6dc0",None
Q96S44,PRPK,264,ELVKQGAEARVFRAVIKHRRTVQEARALLRCRAGISAPVVFCLYMEEIE_GSVTVRDYIRMHDEDLIHGDLTTSNMLLLIDFGLS,7,1,49,"6wqx,7sza,7szb,7szc,7szd",None
Q96SB4,SRPK1,256,RKLGWGHFSTVWLVAMKVVTALDEIRLLKSVREMVVQLLDDCMVFEVLG_HHLLKWIIKLHTKCRIIHTDIKPENILLIADLGNA,18,1,49,"1wak,1wbp,4wua,5mxx,5my8,5xv7,6fad,7dd1,7pqs,7zks","pos41:[C(17),V(1)]; pos66:[I(16),T(2)]"
Q99640,MYT1,334,SRLGHGSYGEVFKYAVKRSRKLAEVGSHEKVGPCCVRLEQAYLQTELC_GPSLQQHCEAHLHSQGLVHLDVKPANIFLLGDFGLL,20,1,48,"3p1a,5vcw,5vcx,5vcy,5vcz,5vd0,5vd1,5vd3,8d6c,8d6d,8d6e,8d6f,8wjy",None
Q99986,VRK1,193,LPIGQGGFGCIYLCVVKVEPLFTELKFYQRAALGVPKYWGSFMIMDRFG_SDLQKIYEAYIHEHEYVHGDIKASNLLLLVDYGLA,209,1,49,"2kty,2kul,2lav,2rsv,3op5,5uge,5ukf,5uvf,6ac9,6bp0,6bru,6btw,6bu6,6bw7,6cfm,6cmm,6cnx,6cqh,6csw,6dd4,6npn,6vxu,6vzh,8v42",None
Q9BTU6,PI4K2A,1089,ERIYQGSSGSYFVAVFKPKGYLSEAGASLVDQNIVPRTKVVGSFQLFVEYKDADYWLRRLDYI__IRNTDRGNDNWLIAIDNGLA,9,2,"63,64","4hnd,4hne,4pla,4yc4,5eut,5i0n",None
Q9BVS4,RIOK2,101,NQMGVGKESDIYIFALKLHSAMKEFAYMKALYFPVPKPIDYAVVMELINGYPLCQIHHVLANHG_LIHGDFNEFNLILMIDFPQM,25,1,64,"6fdm,6fdn,6fdo,6g18,6g51,6hk6,7vbt",None
Q9H6X2,DNAPK,96,MASLRRPKRIIIRFLVKGGDLRQDQRVEQLFQLQLRTYSVVLGLIEWLEKDLLLNTMSQSHWI__LGIGDRHLNNFMVGIDFGHA,43,2,"63,64","5luq,5w1r,5y3r,6zfp,6zh2,6zh4,6zh6,6zh8,6zha,6zhe,7k0y,7k10,7k11,7k17,7k19,7k1b,7k1j,7k1k,7k1n,7lt3,7nfc,7nfe,7otm,7otp,7otv,7otw,7oty,7su3,7tyr,7z87,7z88,8bh3,8bhv,8bhy,8ezb",None
Q9H792,SgK269,296,KPCCEAGDAVYYTYAVKIC_____S____HSLFNIQQDCGH__________________HLKPYHVTHCDLRLENLLLVSNFSQA,2,27,"19,20,21,22,23,25,26,27,28,41,42,43,44,45,46,47,48,49,50,51,52,53,54,55,56,57,58",6bhc,None
Q9HAZ1,CLK4,226,DTLGEGAFGKVVEVAVKIVAARSEIQVLEHLNFRCVQMLEWCIVFELLG_LSTYDFIKEFLHHNKLTHTDLKPENILFVVDFGSA,2,1,49,6fyv,None
Q9HCP0,CK1g1,190,KKIGCGNFGELRLVAIKLEQLHLEYRFYKQLGEGLPQVYYFAMVLELLG_PSLEDLFDLYVHSKNLIYRDVKPENFLIIIDFGLA,2,1,49,2cmw,None
Q9UBF8,PI4KB,1090,VVLNSKDKAPYLIVIVKCGDLRQELLAFQVLKLWIKPYKILSGMIEPVVAVSIHQVKKQVCYL__LQVKDRHNGNILLHIDFGFI,36,2,"63,64","4d0l,4d0m,4wae,4wag,5c46,5c4g,5euq,5fbl,5fbq,5fbr,5fbv,5fbw,6gl3,8q6f,8q6g,8q6h,8vof","pos2:[L(34),Y(1)]; pos46:[P(34),Y(1)]"
Q9UEE5,DRAK1,144,RELGRGKFAVVRKFAAKFMEIIHEIAVLELAQPWVINLHEVILVLEYAAGGEIFDQCV_FLHTRDVVHLDLKPQNILLIVDFGLS,2,1,58,"7que,7quf",None
Q9UK32,RSK4,56,KVLGQGSFGKVFLYAMKVL______DILVEVNPFIVKLHYAYLILDFLRGGDVFTRLSKHLHQLGIVYRDLKPENILLLTDFGLS,5,6,"19,20,21,22,23,24","6g76,6g77,6g78",None
Q9Y572,RIPK3,513,ELVGKGG_GTVFRVAVKIVAISREVKAMASLDEFVLRLEGVALVTKFMENGSLSGLLQSHDQNPVLLHRDLKPSNVLLLADFGLS,1,1,7,7mx3,None
Q9Y6M4,CK1g3,189,KKIGCGNFGELRLVAIKLEQLHLEYRFYKQLGDGIPQVYYFAMVLELLG_PSLEDLFDLYVHSKNLIYRDVKPENFLIIIDFALA,16,1,49,"2chl,2izr,2izs,2izt,2izu,4g16,4g17,4hgl,4hgs,6gro","pos82:[A(12),G(4)]"
